"id","transaction_hash"
"9a30d30f-2dbb-4c75-8add-f46be30d1b65","5Jx4GP5mKwKVKuEsEgEMtcAKb1eHWXPCBaYw4eb9TKeqGWR5k6LPst5KPBTRQZebkjaz9tchkoD1yPe1W8tJMhh4"
"cead0b7e-17bb-45d9-8a80-f138d3d25f66","meunrBp4AmuPtvZvsYxLp6sUpwanZuy7bJf3jj6vDSRqGRczbdodkD9sbAr6yMGNTZkd8E4UjnVWWSvmAYkkZVj"
"1a8eb4a2-085c-442e-bf62-9ceced358f39","64punVxUgokm5Lun9ZZUxqnfi8K4TXFDQQ3N6zUjuTJXhf3AbKiv1FBkBR4v1R4DG7r12nzQNxhm4nRTy4J7Z5Wj"
"a5bdbd5e-d239-4061-869e-59409b991a7d","2RuYNQDtNgPNHs5RtNMbysaYrFJ229zW6tJiPkERNHEbxR3cE2zwikQNcMg3iBJQ97f8a6REwFNNckS6ML6x48dc"
"5762fd5c-aab0-45c4-babc-df3bbbabf391","4ZxhWQctiwLhKhj2TyG6Z5tHNfrfNEh81pStrewFttwXb25noGQqm13DknvMMFzTKymTqLXqzpZ5wTCNvvrvZcny"
"558b161b-0325-496c-b982-4e1ee8c37e13","5v3XnkgCoJuveDP4BmeQhHuypDcnnJJNwUyBX4Fd8AyL2tt1hgzw9GXYjh1znoZemR5VWNsJKCPYwNvdQdVQZnUk"
"0b9d7ff0-aa7c-4a32-8720-672ff11c20d3","5zCkbThgdKqLRGc4r3V4FEgkpcR632LPPkNYMeg9KL9v8eC6UjQ1rcCQR8Gs15Rj1o4rkeM2mNqyggt4bexZdLEg"
"36e037c0-e11c-424c-b4c3-1243b5cba32e","2icqMRo91fs1FDTAu1juz8DY7QeZrVZbCEesHWs59BZ9feNVTkf5bevRzwnKNDj8vuYmzFWGbmJaqVNSHQvz8MtZ"
"d46bf944-5e5c-4ddd-a99e-a0c93c4c87a9","3Li9YMnANptuy87Vsaxi8qQiX8QCupYFkbxwL2s3Ft3fLTth6Xv5JYNzuqfpdJwbVaPFjuEtjEh4ogXr35yPAxC1"
"b1da4227-ad38-4597-a8b5-aa525237b14c","ZbVr4mANanb8H1zftNEzWn7KZsSDmDYhJ26tegrRjmLc1o9FS6V3pp3p9pr7MJn8fXihYmft22yuTYoVQaDA8RH"
"84df5f6b-63bd-4d38-8f3e-1e66d8de2a6b","3VziV1WPjFdR1Vj8uW4QKSvb9j4HgvVv4oikheXRB5ik7LqcNHR8XoPL4pV1SV3vfvpw3aRKPSy4f3oSk5vtZrBL"
"2307d3ce-a4a6-4fda-8824-21b3f0a1de75","29nuppbBST7cZVdSkJe1nTT9otXRGv9JMcUgwS4FX9gaEKMvMMHZh6oodaeoLHppPx7RgUHfhTmp2qpRqTvbBFSP"
"414ef03f-d873-4df0-8e14-1d5f867b3285","5ukWg3Uuvux7AB6FfFGzK4UKtKdSXamRvynpoDJiYqZFCk5wyEEc5fMGHFBFcU2SRCDkhJ8WM8dEBVYuk2xK69NZ"
"d3a8a2c3-5d11-43cd-aa73-ea19d0a68dbb","3tPQMfTExmvNjJSRDTKXc3dDz6datdb3NzWeqSM7X7SyZBFMGZWqj33pVnRTFyM88sAE7avJjsKYxg1jmXEfk8BC"
"7678d19f-3b71-450d-8c90-e432d883ce87","2bCCV7nkFDeuCgkmjeAXvyUJ8d4dUrQCwSw2vHZuSEiZinr8fenNu71nrjGnwxTm3vwciCNBVkzNuzVoZenznCsj"
"26a5cda5-db15-4fd0-863e-d587c42b424e","oAFppKXKcYdtemTZbSWcyjTpgtahtTvpRvWNXMMfWZsAGUFR9kUQihy543bobgkLXR9eai6JZ8ZJRFUmMzA43KA"
"77d7be42-0163-4680-91f8-3cc9aff804c5","2EJSUB8uBFVu175mR1LbEgf22DZcUb6YgDZHZXdax7WQiR8y854nZupC8YY7MFToLdpw7ARJvQZAs7Ad9eHBQScQ"
"cf90d621-45e8-4c61-8413-dafb1d15e605","5uV7irveV14Rfar9RdMpFadpJzCj7EFQX3U9jnDMMf4x8PFK7UtvUxLTcWSjcYKEjJuQ8wQ2JrJFUesDbaSMXopX"
"8d7a80bc-57f3-4aba-a8d5-3726ea15013b","3AoheWAhjTzGsXa6ceAgfzY1oPcZMVmgueZSc9BuvVW5En4XmhfmCz7G5FePygS6RCoahoSiLa8t8X3N5wjC4kPX"
"b2bd9536-2c1f-4c5e-8705-fe9f7df2d773","2dexJuANEDqiy8KRxMbN3HzJAdHy4i8YM1VqgET1ZjVKW86LZ2mjiX5ZGTe7qiGWd1Vq9HRFd8YbF2SFvqTg8wEx"
"336b2ee5-192d-4c92-b5f6-a78ae653cd21","4Vr7sCCd6gBcWbqBuAWaf8dyFL63k8QnWNozgr5sHxy8N5QTfdp9C47YDaPXcZvMsj9wLoj4ZzrUv7ZLdTKrqqP4"
"96aad7d0-d8bf-4066-92b8-e9beb47b0ef0","4NYBgdnEAwhfdKADGRePuCAUpncHZzU5CzDmtco9rnCs5wvHzM3H3Ckz9kGB5Pvfk9ZjWZWc3b7DQ7VQTWoDc4nm"
"057a1c21-94bc-40b3-be74-fd694ea29c52","5g2cFTTSrZ3BVdqqhr6YZK9qKLJMAvPRSBfrdUnWBh7DSESmXCdNMX94XpSa78EpgucB1MM4BG3kyutgtHVzzmZZ"
"280b015e-4002-4efd-82ca-02c89de6cbe2","3VqHbV5J7YPEbz2CW3fP8bPF4id7XgfFRX6XtwK1HNZxUQnhWjrhmuK8F55cSuVy5dxAyWtQrhCSYjtuxKfPrQgf"
"2026bb89-f654-49b5-b44a-20baf17164c8","2FkXbzFSMi365nSdmoQe6FuCaN8WGLhiPPctLizfQDzo5RmdniKhFy4e4cKkvUPwy4oh1nHbDYEhYAwVQMWb9tyr"
"a6276ab4-7dc2-4cc8-86d7-a5275b3a968a","2hym8gjizbf56NcEZfTQu1YJxdEV6sQ2dBZnckbJTsGgaoqCW7HX2fUTzrbNksGBRKKykRkLnuPcLe2q568M62Kg"
"f7ce5ee8-e271-42a4-b69c-779d8e29b3b4","2BVeJmG3436x1hvaqYC3GFVNaXut6mxzfUeTYof28TgjRwvL1TWa6MP7M4zcG1oxUDiJqpVi2hjjAhpBN1SoZLZR"
"0d857228-8962-4ac7-a0f1-77cdc9e93501","QcpYsTaRV8ooEsNUSLh72aFZnaVsmDrchi96Xhsc17Kt8kbUVMyLEPx1cyGAomqKAuqtPs2aZUnzojszcuJtMeG"
"004e3ebf-6889-4e8f-99cd-fc5cde063a55","52iTfpy3xhJHqpyj71bjVoqHs4JPnKi1Rb7kDgJDduHrz3LxdR7XJq5pVWTWrX4sFjDwKDPgg2p2a5oSZ3YCMTMe"
"0c0f9c46-b83b-4e17-9203-2cc4b445a601","29JPbDZZWm87GMdxfvvhQqGVCWc4pDxihcHHLD2nyHMp2nPCgeZ5PCZGcAwgXQ16CFunhMoqLbkCKSo3bqZrLc1T"
"f52b2230-3eef-4106-97a9-d7da235c68bd","5eNdktNamzAXxaJzkN1GDRYpeuBnfTzstDVcX7M4APzQbihoEvZ9ScovPghE2FzbozyXX5bxjMzw1BmLm3HXrEhR"
"9cc43761-da3c-48e5-90c7-5cd2fa04f955","2wi2yHa2BLX2aCe2fivxHWMxpKSNqhzcq3w2k2wi3R2z28pNxUKuVGhFLAjhWJwjuz17VnkRTGYCK9Ev5MQVCHc7"
"a39bb4db-95c9-4881-be6e-f0cb18fe37c6","DzF6UqqWmrv6gmgubp5bqXFadXZM2xdKi4Ez5oFipoKAtT1Uk7pfXpzm9h62v3RHq6CWQVB4e2VbqGVt6AMzdQs"
"d9e9cd56-9ac1-4525-835e-40ca6268da77","3ug9f3GqWi4bCBVxNHf9xitkPFtVec2LPAQVReeSxRZcjtAzAm6PhYAeVcwvc9TUsbLj3qJdGK99Tq8RByv63FBH"
"52e144ef-8399-4558-9982-33974cc3be48","5nUZAf1MgAuRDnhdLksjDK4DHFR6f4cXW5vvhDWhwSXrcfaFPVvdUTjXxmHVMjAEmVWtKY9qH4BkrQtK6eDhZnTE"
"b4aee892-e960-4491-ac0f-daedffa60a5f","36nrRUUHCMP5NLroNha6X3L7hv9TbUKyRp6sZzxSXxzjDR434PMcEAUHZnnoxZP5ZSe7UCUGLV19F5asWqfeBf3S"
"91a08fb0-5eb1-4281-97b6-7d365ed5afb3","5NDPEtvqFkXbRSkoPYdUA5RoY2vP7zR1ZxKZFneNMLHg8rYJfctZT65ULe1fY8rBHNusrjd6J1YcC9Arg7LeAVBv"
"a63d43d4-b488-4b56-8345-3665a8d727b6","3FiEQDy4tJnqy1mECJ4jc7cktvAjwJAxfa1LEk9tdMTS7bMf4P6kJTKgcvBYLPPzxkpRXwqK6umzgWik6XDSnJVn"
"d1fddccc-1627-4345-b795-896504189f60","3S5kxLLPz1b5fYEtUXjKPQA3MgcQF9AzRYQjBjePx9HhhTXe9idAjSjZwo8fjNaHHLMF5zHtm4oBWzH4KJN9Z8hQ"
"698fc8c8-3d4d-456d-9edd-3ad4bf13eb56","smYVyYRHHPKaga7AMAWMm93WDV8YibhFMwu9vWHT56AhcNZPPZiVFteWZnPHSKbBkX6GL63rZm1rcT34mEV4KfB"
"004aa3b9-ccbe-49c0-b26f-29ed2d330ada","1q9xURjhZQdAxVTki3dqtfAzMgXUdS1A6Rko2urTpfW4hbo8jcQvhnVgPMMYZDxcKrvAHcNzVNnZehsnMA1VVWA"
"052a26f0-17ac-4f80-95cc-896b84789492","5WAsbxCNUAZCcnXNGDhRaQhigpSRrWVdBsqqKD5MzZnu3TxgjijHRC2WNubfe8zE8gAaYYMXAjJQbZFG9BeiuxXq"
"8b6262a9-5eee-4510-a1d4-4bbd99cd3d6d","2peAJvJYysfJ81sv2QG1xuJBU4etLZgeyYZPfnnh8ZoBPB5rvUEUadfE9sBu2uhE3v9oZenTciFtStZBbmCVgEir"
"cb29d76c-9f1a-4ae7-b06b-2f8d0cb00265","4fh2yFwe5qrbK3HeucVjNatFtAGfFLKWYwZsZzCusnkV7yMv8HhQMqks6bcHeoPYeMx3Fg2FmvhBd9eLJRrw6yJ5"
"47541781-7107-4a46-9158-03ea039be6e4","3tdQzu2tvw8gf6GK4m8kkGCZwrZ22YyrMFP7wgcjeRcDyzYmjXsLSjYxuASfHaYvhH6tBuWNokKzjoBUxcBVGRPF"
"8bc690e3-e442-4795-81f7-63ab86bbdbec","Ni3artguJ26untUp3KqmuYm2F3PnjoHxsznbaLmrweb5YJzPnab4Rx83vK6MSScztuZcMqAathdikNSF813x5Nz"
"4e439257-b932-40d1-bb44-c53685541ec8","3LpRGe6G2itmkm6JgskGn8T4XYJKpeXofBgUHah8MU29t4wKrq4XFeg2KcQFgtPZ8Y5wLNF6f5RnvCXZYPuVjngL"
"81b7a8f2-aa43-46fa-9ffd-83c4a6e752c6","5tvzg9VjYni2RuyMs2caRMxJJnEmhuUtMwq5dnH6n5oFNkA4xswyXy9HXM43ZNceNmfRgcRqmtMf5M9H3XSCboQu"
"63290104-5eb8-47e1-b985-64fd7e464e1c","RHhwnaMEmYBbt3xZvXeQ9RJG6PeG7jyoqtpkyhst87fwTbproao1rbeLCMPM3BTF82umDW2kPJ3cNDVkh2nSkAK"
"252da3e7-36c5-4e1d-9175-e43a0dbd5394","5zEdpKA3o3DA7ctjQo3SUTkc6GARxdZRXKh9RYmUVT62pkRTqqQQMFdd4BU6jt1m1KrjPcQL8EfzFWAc7Dp3McR9"
"f1c645c6-3753-48f4-b3b9-b083abde2e50","GW65Na8daBASigyEACzekzsXAJrzq3LGb8cx1pGJccSdssFKuBnAZWXtNvcb28W1vhtxYDo75cGPzpmjPTxPMxf"
"d76e92f2-207d-4ada-8fb9-91e849ad4e60","2ULfDkxne7229KkRixwJa9de2URX1P6Q6c5fh3fT6h38wyBGjvrJeEZSnhDNTpnU7eqk5rydQe4ecaAKzzDcvq7x"
"a5588d9f-38dd-4960-a0d9-5eef23035ba3","2q6oicsL3KtiLqcT1pGqxSquX7ZTYgxKqnr15rNcTtPVSABKSfRQgjJvyXEbjdAA2HrTYQa6ji5Czvv6GzT8mnZV"
"4b24673e-2ffd-484b-9658-7ddbb766e932","2mqG8j6u7JhF5QS48unifGFqipGsAgVuNjkpv7LQc2zmwYxUn2UfLoQmjHiWsyvn8dNNV6rLRAvikxaY7rtVnWY3"
"d7dabbb8-533d-42b5-a4d2-6a4d1b44317d","1gVwXkfrWXmT6hb6n7f6uMRn7Hf7BoZdYyC6TeWDKuYiL6dmE4YPG7doo6Df6a9FFusKjkxfNiK7gmxqRfjg64p"
"008774e5-0b76-4a61-ab43-3d0a31727c92","3s6Yen2ZzqndKBozayEm6J46MQaPPjWjzspmiWiwzAEYU21kPQX83pfdtiD7WRDrHe479RNeypzun3a3hhWBeAKm"
"868da3a0-c171-4fa4-bcec-727eb4e5639e","qTseLZz4NirPzRxjirhqfUydEntjznrSSfiz1jGQhQDLukzX98XWs8wjjbVQQacPmqXopUsEpfQhXtm86DiLX9s"
"aec5ce84-037a-431c-88ad-a7e0cf2d97f4","3G3AxSxKazMytuQBBs2JoxJerrT2LR3vqXx1Xvn73TaZG5WXntSsFgip4wfvE8fSoXg942dabFV2eXDNnJGX3fiK"
"e1fd1834-c31a-4a71-abbe-a2741141ce87","2J2F1iGTtThJxWSmXS3ueXxcbKX2TXKSgTX2thyKVTEYv5daxaYKgkhRU7kYicPitJUuRxJCvsq5Qtw75bkUrnzF"
"5c940cb8-d812-4c0f-b2c2-b9a65b3d402f","38mZNJKdMh3iDtiKSXDcEcfhnUsV2MtEXMc9Bre7KzSrrVXJRDBwC8yzf8QpyJM2ZxeYptaF1EpdPcBXZUU6JWBK"
"806d656a-650f-4418-8b3a-7746ee1c416a","4duoyS7ZZu9PvhsjAioJx52hzzPYXe9LQ3fQK5F8fPfs1yLX3Hjks7SXkCmJDJDkKPxTbeYwFfZAjeYYpZKVn1a1"
"489cc978-93b8-429d-a466-2024215b62b5","4sBf1t8t8VTWJGJ4JZJsqc3mzLg5JrUYLTBWv3nyNcoYVduzjw6upu3rh2c4NXYr6kNDaQQJKgGtfLYqcLpkXYan"
"f67c7cd8-9139-4458-bc2f-57e3e79b20cc","3iYhP772tjqVN1YsbLaRKfgFjzNdQH6BQMjEfwnnEqoiTKhQhCj1wPYSiWiF1ZHm8UEHvaGVuwypN8CtagFTpiC"
"afb1cb7e-cfe1-4cf2-a72d-a0e4c0d48ee6","2tKWe6vSgGuLHEWKkywvkLEu8AaVh3NCyBqYv3CY1eCoMnkLp48EiD2hM5wxsqvvLpWCCsCVpB5r4ZwDDHfNEefZ"
"3a025051-49e0-4bc8-91a0-5efb7c7866ae","4Zt5qQSrQcKapUWP8YzNJSCt1uuACMRMunDd7emsucAkFfctrarPyVVzJkf2mtPHZoU1pSA2dBjNzAY4Y6XF1zH3"
"0e94c22a-d70d-4ef7-8ac2-ece7ef719813","4Vac1bWUjD6ebWc2mRQKVJws2ZURNMZP7jhZiQbWQNC4BCofL46bNWVkuXJCvHUFhk6LS88aXjMvoErGQDpVZmYj"
"8fbd43bd-09a2-4f58-9edd-28eeee69396f","b6NX59najYwjWg2PA5UUnYYBX7LhF9B4jzdJVW3LszryJkjYMRMQUePwpUx1wGQPSf8WmcLeWHQv8kBQQNeNQ8w"
"2e778dca-8c41-4f92-b34e-933909de89a6","1XTQF5kKJty5xve41Tf7tiEL2txAxCXGyzdT8H8F9N4jifzgSacQb8c7UiLjYRjSv92hA7WcqeDmMwTik98w7zd"
"b0b5378a-9c5f-4294-ad0f-2d6a0ddb6fff","iYYJz8iy6zAptXRPeBy7ndGSFh2HM4gLCnVT86GGtqzQvJbZP6SPN6eUzXPbsKyHN575wbErAxSJojQJNLvn1gs"
"b0f502ee-3500-4379-b8b5-bc46e7f33cf6","67BMaXhacL1dBkaaBaeKyVnSSNRfwczZJZFYuW3kQYi1dztxdroDJYNrXQswwM6rLmq1Jojqa5c8AyzcEAXtFNAc"
"81374d77-39a8-4192-a87c-375a9a97756b","4UTe1mxjTqZxqDpwTr8UbaCBb5eRTVzyzyajuPvhRpBRg7BXaWd3XUFK8oZyg1eQAHsVGnvjiLqpn7cQAa5FazHS"
"c142b8c3-7404-401c-a299-9a7452d6291d","3Ej34a9DojgEepmPmSmm6ZYHy5pZyEAXPYso5Tbz5Wm91dcbY58pyucVa49SCCriyrW2qEF7N3UgpH9N1m53BM5X"
"af19938b-3c56-4ca5-8d63-45e9cf5b4795","Ue15U3jk1zzZh2HyqY4FAdDrEZ4ch7EAhs1HXcnjRtCeRfNPuyg4TgvqtQQzi4aEzuZipPKCpY4hmLrbt8y5ThN"
"2b6f698c-c05e-4b89-b9f8-ec8dedfbf0c9","26X7wg1wFtqyFMTiiU5Qw8GgJyU6F6GJx1Suiqgu45ULxXAUmwuGnSfRcoNw49xPS76o2YaLLp1wGUKgw6oh14h5"
"2ef9258c-93e4-4f36-a9a7-4b4cda278763","3H5iTNHfqiQezbMhC4Tc3rn9rjYeSaSi7WNSnrUqWeBWJZ8cKCS5v46sfKdei6a41SyghcRxg4fr2zWg8mJ5M9no"
"b952e2df-eda0-4eed-9f8c-764673ee30e2","57pKEbwpHMJoVyCiup597tjtXpJQVJe2DxCriB6AJfah1HEJV2yJ9s99QBuZMvVGJ4e1FoZ9ffFeGPBtRWXUa53p"
"3a3d067d-0b51-4187-a6fe-9a8a4645e1af","bvRU59g9nHDjDqgW4khXJGGiMeeFRhfqVm7skheoy1rV7rxapeXQwHvT5evb2yW2chbQsTu5godZ1vgza8H1RaM"
"7cf871d8-bb27-450b-a51d-dfe010312386","3ChZ91dMjkEZYaxzL2avgKsJ3vAaUhBuzTNd4SsXFDFWiw5muM8piunaD1P4sMkMbkaYmpwyNZywHM7ozwnkqLTh"
"c4abd455-f5a3-4127-b71b-c2d759468e6d","4cv29J2KAhd9PkZ7hWnu7B284mA3mTo6NAWYMxjpA6D2Kq99rKpzQA4sGLvk5oQhPKJVAMDTyc7VTn4UEpeNjhKQ"
"50a0eaea-a4af-43db-bfa2-5ead48cec609","3vTg57dfjD2ZZyrvXsgH6gMoEJSHBq6GYyoiSkwmEJ5gGMz7TiiLFVQRW5PY2nUfbzUALYpYdL6kkA5CfQZaoMYn"
"cd41a1ce-554b-4d4e-a9e0-4ef4c1352eb7","2asmqMMVmWV6eFNeUJ4LEgeJETw3qJHbxjG6EqvQ5boT7Cbr4yoZDWRHc6pdbVrwsfYVKhDEn4MCWd6SnRNkZPtQ"
"23bd4fca-91c7-4bc6-985f-b7e44e803baa","2vRoqHMBWTfUqgJ2aHjeyxuwMz9wFfuCbg8BrJ11tAKvAmU2QqYnGn13xgTJM8ihduv33A5TvpBzXaZKtQAjewYf"
"46d20871-db33-4eed-aa4a-788dc242c2c6","2kCqa3PfgjkBk4Wwree7myXcmogrHjv5DoRsQzaUcYRtZ6xjDWmCBzPa5TmF9vN5j37M1GEAfA6j3SdF6odBxNZa"
"066bfc9c-ee5e-48ab-86bc-89f03d3763ee","2P6mECEVfrHUa87advhvQ17ijGURs1Yaq9odGT5SXLQjUuQyD6dPs5QD5UraMc51eDWGF4TuBUVyGTqizSzrKLh8"
"c02c67e2-b7b8-4d0b-b3e6-6a43a815ce04","3MsFB1i4dFzt4yuv9FZZbTtToEQP1SwsC2EfPjitnMZkfifsfpr8M82wtRz7YRRmkJ1gdZcsWbmx1Y8KEsU59oPm"
"5132abb3-7fa7-4276-8011-1e9c19ddbc86","4PfnAj5HjnYcTbTe5ApBn4e26UFTCUFWXJoBfjn2ZXwaXLpAEWitqnvkuW12hvKkgwwhxdeH1bd2QxRVACev3ojF"
"c41b93a5-5b35-474d-aa06-18c918b7bb98","35VjNwfSWnTbMoKZ83GZaWM5e8qZF6TT6iXNU2uD5WFpNCqD8njibkoxNLiDkgf1CnkLPaR7cB2NMorFDgFrT4TM"
"eaf91e22-48d0-48bd-af35-a8218b9aaa89","3EgsDmkBzn7pJ83x4bdBc55WjKJDjLdacfAakYvbZGZArMRyXznaeN9PjjWaBbu7xLyexJuFoLaqCY4gDr6YgsaR"
"b2a4b822-8073-428c-a352-ed82007d6bb0","4SxGmULGq9NEBWasJeUSMDq1vYofrSbv4XWaVHPPNuSt5Li2LoieVsEVHtcgpVWBQRoa3MWBEkYowt3AFRthsUcb"
"5800400b-309e-483e-bf3f-add8b1de393f","ukp5XQWsr3jFy3g3rpSjueZokdyLrEyMekhjZUuVPSij61RndKE97k4XZjSQVqczPf6DbrVkfueq2y64jghpU9r"
"4fc48a4b-c573-4df8-b7a2-ce220b11a20c","56841ACf38NJ1A2E1SJGWYpfXzBLTqDe8awUnZquutiLZWsC2Qaa2Pz3x8BTAgsfiwkrq1h5aCGWfAYA3pj9Xowa"
"9458970d-f243-416d-b782-08cffcb41749","oGzaXKcKqBHdLbGDzASULWSjMtPxuhWa8QgKgRY253fzyGQUUp4sqdvg9erpFDkn7RyMSQU4NWcKBXQrucMoWKN"
"62511b3e-5030-4713-8f73-c1f5411ba145","3YejRWfCNcF6XKMoSiPJpPRVenoMFsEhrT6PerYF3LtWzrRfKtzsshbnC9VMYA1DGqiJHKQzwU4U4AwE1Tw9wMJk"
"6ef5734a-4fa8-434e-bb4c-3135a5a9a5b6","2h9qUkqn8wLwErmdDsvbg5NfJGwHozA1aCAgLU97qvdpPbBsH7s67gBWxWMY3TC3B5jqQXGs9PC43e8W8DQMJ7Qx"
"cf25ccd1-f440-4b96-b37c-f246446d6dfa","126DHFRh8YMYUGvSSZ6GpTiNLnndbR4RatyfjdM2rNpS9uvMyi3JHj3HWUtwymjGHqeZqSEESAocFJ4ZNJMpch4P"
"84e818ca-86f2-4f73-8091-99f89775b735","2DDZvkiKKZGiBwyQdKgz2HEFWwsozYvSRwPrMnifowWT7tzwoxPeHmsjLdnRvCP4XbVWaYYFinowrL1iGCCaUCcg"
"2e231f26-0ae4-4099-969f-f01c9b908a5a","44QC8DuV9cnZ288LR7NBw98TDstEyBvsP4qskWZdoEgHZRhzxPZwfwuxwjzd25u9q22ZmxU7PZRxzAyoVkbVjDXx"
"8b94c19b-0ba5-470a-91b8-041bf3e149de","2UaTaBN8SNtXwMR2gARQ3cUsfAUaAnfr2cW5rHcTqnsLMzegSg5Mi1kR4FdxAzyjQAh9SRrAfPh19TwzcdGUCzjy"
"209b48de-2e98-42e8-afb7-5f9c5b9f545d","4mCA5p6mH3fCenC27kkuzHvQTkcaZ72P7Cvx62nCpdHmaR2wmkpAe32q9wMHNnub5YidkNgqZJPxontk6poecjrz"
"8771a89b-8fa0-407d-8e76-67ad340b4603","4ioyBU8RpN2a8mgHFg6z7w5yF8kZ98iLA7FjDCJ1WKwBymKbPGWVPUisjeCDbr3zucZujtveTP9ZoUgWMzWPX9se"
"0199e0e1-8fb2-4840-aa04-7be946c0ccb2","42icDzRGC4a8uwrciHM8Q634Rv5Rg2L7r3psNGU8PgH2E5yjaQnzCQFGsE7fURqepcVGpe3zFECyG3GCfZDGoEGt"
"c959ee80-eb4a-423b-827a-d3522660a24c","3cExhFgXumHHuABPRWroC7DZhb4zDfRjZotP7q4mbCQvb6nT2kQwag81pCtGTmTuqN1jcB4rTiH5B3X67k2smN3z"
"07f94ff3-d98f-4271-bd94-9da19f8d94c1","5EcFAAkK8YuFYf4PeZ4aCFB9dQxP1jbcamYH9PD8Fof6pUyFAVeJhxMeRM92FJ5wWxmTXCTRTT3vmCsS9ZGpXnWX"
"7557572e-a2e1-4a4a-92f3-86c8d6896936","48xk1NejM7jjsrWFRe5YxjkynjAkZpRTRfYK9L8bZMvwYThEFpKfkMHuitrGKeSpsHSR1Puwtbf6rHCfUSQ57VbG"
"22de8252-ab00-4330-9e9b-71d8a435e511","2ExSZ6wWY2ACes5QhQ9fkV4NEDRwJjuP9GtHsLMUvNxLiTfk6aaYMADi4d66UGHQnEp9UZcyUKK8NaaZ3nfpPZcx"
"8ee9ac6b-1704-45a6-aedd-d3c6f882bbb8","Bfxw2JcTQAaZNLKTXGVbqYxx77L9s4GtwwrfWj5zsWZtXnRRNeFtKkYd1g2P6xUL2a3Lx8ZkyjgkiuvspvCi3Ha"
"9eb8ac7d-09f1-4aed-9d44-b9b871b9874b","2PguLKDwTdgdiPjyLg5UoNavQT3mNK6BfeJ2wLsi9QMLKAVMXN3Fsax9dFrUmkos1vwVUAzVgVN4CGcTWx1EgbAB"
"e3bc62bd-7017-4867-8751-f726a95d3869","Jr8YxUcqqFnaxopBv38zrbvnLREVUGzvZeGjDjmd5nnyWy4XtuqjoMm3UiUVe931zjmnVRPpSbS7MaZQZvtzoDf"
"e98f481c-b136-4d16-8903-b1d9cb59e325","5CSEdsYqVDMSnMMg7tbD1QQtqB63v3zuX22hkaCZhLsf3E3PTvkxPsVmSfGGzbVXdbo9N2DSKfMF1MyS3RF53H7R"
"d79c9304-60c7-4a2a-b5aa-726d1a06e843","c9fyXXboUNKQApdhkcAXBkdZA7J7k6MDBtBsFj1CnkDnk4HS1c8pWUakKLR4sc6vbMFapycDzhb9kbkA8PeNc3E"
"53dbb04b-298e-41cb-a50c-a1ac55a6e253","2tATUZdRVSgYaJHTzwfABjUwouZPPkS4Wh9m99qrY6Wpmme3eqoNf2PDFkN9b2y4qRSLtS8hwYdhTuvVd9yqfaZq"
"bb059297-575a-415f-99e6-5e0906d93b5d","NLikyTrX2W9b8kv3F8Z81TQQJQWsACt9uoX98dFY4Ja5op8K3edQUUrbQSGeAsDitoGMCtuoeAs68pdDCvwQG5j"
"9beb7aea-d0c4-42fb-9cd5-6911d90c6321","66AckAXiFnABbsCCpXf6iwSwRcrYJunrHvuox13hPgv6vYBcqT5a6C628RhZiWmM8qzEVvWnpYyBTGnmF4xoREsf"
"1254a057-e3c5-455f-b033-e906d9ae50b3","QWJH36VxCkk7oBgdzWLZ8nwczP1bsaWdDggh1zpvRzfVvg2pBJH8npEwZv8XuzAHi2Yv3eFpHJFwNYq8tUwR14Y"
"f7439d5f-f5cd-46c0-ae72-2157eb37bdde","4AwSgyKAqagjJaExE25ckSvEuFuoWZkXzSMzaegRaXPFGv2Jt5x3VFN6MT6AhoHpjvLhgB9JQbLjtK3wKMqix1uJ"
"3ca82e58-b3af-42be-af0a-482288418660","5CjmTkhMi8EL12JgHDohD6xcBMNrC4susn2AuQTAX4fBjpMuSMHmrja34czrLEWuz7gAQufHDAiZg6VxfQJg4rHw"
"005ca9b4-91b1-4dc2-a616-1d0531e84b65","vvrp35EpnF87FQ2ApsqVTWFTJfWBogr5hyANSQCwMyrwdRxePbyR9J8X6od18X1vKCxGkhTpGtPMFQW9H59UFuH"
"519df544-7de6-4fae-a6c8-e9d22a5d66ae","fXVknjvG9SAUa2Ro8t34QV3R9J28aGCkzYbg8BREspSXGMgaWdpLp9ACJq47HcgBF2ECvMRwPSiCgevWZSNX1Dv"
"e5820018-e1db-49e0-a401-286f3e8e3083","4WGuLLHAW6gKHX9iz43ZL3bKrn7g5wAvnqQdN3999dgBzcBrT3cdGS464sDmTv6vHtiV7yUTJmDbmF4EYpf4KHDA"
"a5303ff6-92e8-4868-a29c-40ceda019f25","mrrhFRLA8aZqrozxZECkPeEz4BZSqmZZpw1a3uHhP9UYrneexxvV3YsabNq6Xbp6vCnVxrfXZGNxUR16AGuzZdW"
"66ae8b0e-3cec-4bec-8b9c-1c3b242bf56e","39jE4pZGUXGecgreU6pdqWzWYhvRAbc441ZhAQUtvqCiPjn8wKrzLERmDevromcGv6LHV7kQwNujqvP3CGfxVCfP"
"bf53d8d7-53d2-42a8-9e4b-41130fe9411f","moXxX2tCQt7qFbsAPk5v2t2RQUwR16HoRmTy2Wh9tME6xuVHRtceCevBrqK2D5e3F4tg9JuuKmfzgxcDouuQdmk"
"8e7b5740-de3b-43cd-ab16-c3aa72eefba8","8zyzpCbz1JzGAvmAV6n6X9GLieiTC6A7sgKvikNkkhfParPgoyd17gwCg9JAs1QVJk6wo7ekDGKKXQy7QPvHmRK"
"2486847b-e124-461d-b6e0-1ab89f247345","2Befq3sNt6pskFczxQLeuoXuhC3B6xRyjEufC6hGY4cXjfrx5xMNTLYfwzYMoAVmmr2sM2uZh2THt1HttHYrXX68"
"c57e4fad-44fb-4002-923c-89f4684e1632","b88dguX17UVMHWkshEvMMPt3cX1qhEr8stdjfy1XN2nfzPdLy5oYRLBpDL4f3ADSFhX4c2UNizBS93rRxvZgbi5"
"e6d1c7d4-8307-4f94-b02f-b491f4db41eb","YrutNonopbFMqpAedin8sFCRtdGQGjdUjnjC1shiDxqbBEGeKVRtTJeFT6uHezMkDs1muAh76MajwQM9kG7dqPr"
"81ab135a-5c09-4b92-bcf9-564204d1fca0","3KptYi7qzE1hXq1a6ZgFJXwTpyoc4dhY9641g746sUQSUyPDeJFw9zR4p5v4JRopfkmGMu5eFUE4h88cJXPPUeVi"
"fa58b779-925d-46a3-82f6-09cf995bf506","4LsMekwEmNi99ZMPq1SBc4us72i65A2YaUrCVXVu3jsu3awEA24KFHL7yrHavzwBEywBaSboFNSV29fk5JfP8AwG"
"b5e9ab24-5bf9-430e-a024-244343b5c2ad","4dSJ1NeVbHZUCRxowMyE5VAFJrEHcKmB8B2XRf8tkmgnqWW8c1UoDtL6mMYsbehtnHFR46EP9j8akhPexE3oCeUY"
"1c2197c9-fa40-4454-83c1-e29b0cfff20d","5XYMW1aKQq1CTkpaovqgq22h1hha74EB9oYKcV1yXRT7pSkkiUCoU5YJKWEkqY6Cwqb8CchgkcwApY2S8UhFv83q"
"62e56530-0c33-4bc0-a774-20e78a6074cd","64fc1TXKFjfskM1sNFFZgCBJG9UHUJU3K9xfWawGakSdwPRwbyAenrwWyy1paKjeojFuao19RuB2TTTEbwcFLkts"
"9f507740-2262-4c43-93c0-8f8a8c5173cd","5HCjfqYyy7C3Mq2Z9FGR3KDTnPs42fsSVDtsGAjwQjN4UQwAR8sNvmv1Y8XChY3NMKkJco9x9Bhan4iTaPEyevAU"
"836929af-bf6c-45c2-bf54-8f0edd963b2f","5PtgvF79bD84xkcxn3BWPbyb89123RoR7SVKxKMWsMaixjDDPy3NuDsxcP2DrkKTpsYxkRovGGZvtqV81Sweg8Rx"
"b598bd8e-66be-4d77-a6ac-9dcafc833ef9","n5VHDkBmLwmsuBVAQ8aBjsKBzQMmhhb1741UNZguw7zKRLwRnyT4f6xAgbY4ibRrhGx213HA7cY9ayHL5s57EdN"
"7c749461-4b18-4fef-8dc8-b38f0073e5ee","3vARAgDqA7KNdVnaAkjDH9vvgwH3trbbwNGw6LTGR89zaE7UvGR4Cznr6K7yPVq5tCgxhttPR7ahLJxL4hNyrPUH"
"9dc2edf1-779a-4b07-bec7-7dd51c697d07","4qVYk9n5ireu1u4AAtnwmL495EhpTgtxG74uHTitvjhE7jgtFgqstsgy3EP4UAiUHZEcthkHNvxZn2JtsUBGC4kx"
"102c440e-b9f7-4f0d-850b-b4f98d823512","5m4Z3z71ZW6vmyZTMQLv1tACeu4Pj7GYMw2g5X9MiHm8rdTZM8nwEfPmuMJFUs2UXjgdmvizWpNK74CK6h2nN37e"
"78f91b14-09b8-49fe-8119-2d7463f6dd5e","2KiwapUkDTgmqMSvQc5Cwi1D6Cg6GM9ApXofsYTmtso29FpthuNeC35jopHbJDNeu3tvoW8pEov28udGYQeTPnUg"
"e7cba437-cc09-4f72-984c-9a06e2b7a498","56DKZAonenmEogQfNxCBoRf7tf8YCPcoLefq3dmsBXwPen15MQyh2DRZmAi1TsEnjRBopomLeeMJQdA59siVJBce"
"9a4ee54e-52ee-47ea-8775-d91f75419645","2SRpawaGfemYtQRzcpv6EDpEcEV598EqzHNBdAbhArL6KXEoGkYBVvHfn1T5wzK7UCVX8ryFzjffk9fknwVKG2Nh"
"3470746e-316d-4a7e-ac4c-972e81019c96","3dmb2TZqNRU2JyP8oMv4Dv5KJYAjWnWdCi2zhSYJGhUbFZhqybx6B5dH6wf4S1BApSiJk7z2AzchZ9NSf1cYHVpi"
"aa316dbb-cd0f-4ec8-9d3a-cdfebd31ac98","3BFBrysixbaQ3ysNuSNHmDL9P1CGe27roLiMRAHxYD3m9PSnnWAjysc1DFh65EqgGgGNF8PTNmhcthQnUMrYsufz"
"627d509d-2510-40df-b14a-e5043b48acf5","4Gp9ponDwH1x5s63tDwira5Cak2zXQUvxYrveUwbmsvMNGTCXLMLDYQ1dypYzNBN9hR4vpYf7f3VNYY159pvhNKP"
"026b532d-f501-4967-bc19-278d41dc9da7","86DSVG3z3PyDPwSU8V4QaanwuxNXyk4q8wWy7Zn3UKBEQD24eLUkRA8kDdZLv9FwteMGvBNkfNaodbSU3YNaaob"
"e5110c83-b976-4ced-a8fc-5fa6a6ed264a","hHgS4kFzFPjmnLvs9EaTfEwfyaUJtAJSepe2xpJfFChsxBMY8krD62dJDK8y7EomFL9HAmqYhv7p2hTFqybP1sd"
"81a68c34-be57-4fe8-8fa8-b5665e5a9be9","4DKsoRWQN4KzwWaseSB9ukYZRZQzxN8LQTVzDt16iFQQsSQK1hiwuxYwCTc9Zrbr58FecWy46M5Kq6kBjTZLootT"
"7f3e724f-c6a3-4563-b55e-047102008e5e","4yHZLAcuekvrdHXuKzm1vYJUrnzbaJHaJsw41YCyMjLKMR2tVXgnbnbpn13BTa8QjFdWmaVUCzmc8Sf8mTmxeVDg"
"77b72400-12b0-4c22-bdd5-dd7eb48c1590","35PatzQRx6KHRFGvzyEvhMWKZEovQWjDaVAAPpAFr5aDkrEYdLyp4DQDYcrvDr1hUG2B8ASGY1oHcMkQnG2E2h7p"
"ecadfe98-bccc-45a2-a484-41f259d38b3e","3vTKyk7KLTL2V9qKQqxiDYz2k5wgLzh6MDuw2EuiXjNxGfhfmSNtSsreAHMridESBoX3x1UxVX7immoejgEwk7vs"
"7de002ca-c050-46e2-89ab-7a496da52da3","25P9NC3c5DCChvrdXsD1i1mPbBxFaXN7LFpzuTmumDHtSQgJpSrXA3bZ1r9v1hiQX2ezLjtFhzqvCi67TnpzQc2U"
"dfd30191-64f5-4c07-b402-bd201dd5ecc2","264YEDNJAvo2aupYshw39LDw23nRDc2YvD1K4zRaNBw9RFUQjT3mSiL47FL2njXecaHGotL1oCAGZpwuU8UHhYQK"
"94bf6d15-aa29-4fa5-ab22-b40baa3c28a7","5RFoKdCKxUJfF6NKsTC2VHPTApWTajQaCyPets12HDW4as76E91kgFVwJYEidATGCXjJyRBRYLEXTgnG4wVzsUZQ"
"04068180-86d6-4ea9-b18a-5f6f2f6e7feb","4YpFNo2UyCo1BvHH9Z2au4vMwUm7dZLvWsdb5WjaJe4Go5hpprkjAoKw33QPrbSJYjpPNbcuFkL2qgBaPEm4gH4S"
"e46ea3e1-d577-4040-8821-d84cfb4e15a3","5j47hDEfhkG6b5s7h9CmvHvycydcXoqRcQXrwH8Hqi4jizvVrEFEWJMme52LKJ6iKHrvz3hgNU3YgBKZZv49gbj6"
"14c59c2b-63bd-40ef-9e89-6940aaed5b01","635t6EwLvXrqJ4pJsjV7gymJ1RRrdTKHXe1BFsZrg3DpXxJdUiRodZgQm5FdqHcXdqBeyFhfgepect1BCBdTen91"
"a878d825-47a1-4205-a46c-60aba27895a3","4iSf8RszHgjMDwPULm7skLEYCNvbjBeHmcCYTThz98A8AVuf7yWs3z9AcVnDTM2Q1wFKmQ3cXQ5oRb9NjBb8jgNE"
"978787ca-5984-45fc-97a3-56d201c598fd","5g3fCu7CXaNAAAGgZX2AcddHYg9Mf8cGcXpx77CtrHeoVnEMC8YXsDFGBPzCXSJ1QexSrtAwXv4d9zKgRjJc3uqw"
"465dbcd4-3056-4946-9757-3d98f0003de8","2ZXo7KXHgY8g8Vzr4vyCEMxT91nDeS1vr78Xq7LwaKUkDGfqi5n3odLuKYSxQ7CcG1j4u2Ro6jntzkgY5ZQ8eDD9"
"d26e977f-6153-4c95-bf2d-07bf0963015f","48xsWoLaamW1SeoJZiAxR57TiZbdcgXfZVwSvuHRQzJSfxGmnMnk9v6fiNNtRmAiem9v2yXgXeY3skgA9HhStpDi"
"32f32bb6-70a0-47bc-bea3-a54e834d0e77","29atEc2T6H3V4UBVq4jfrvx8A5vGT2PsQCntjGwg2SBM76U1ZUhj9UEdybxCJZRNv2PT57Vs3XEnC7keLVyMepXQ"
"e2873ee6-8219-4682-9af4-f60959f2009c","4bskdueCvfLhrYVpZXxQcYryRuDZhFhBPdxs2TdBgpiPBgMUeE6GYRurxo5MHuhGkVo2b97usDdFSjGpyz4wGoWj"
"733b1946-dc43-4729-9cef-966640c8a450","2Fm5vjrVuVTKzPPsTf5uMKAP7edXgj4a94SpRQ7gdSapxL275YG7dFiPo1rLzFKFdcFz5cuVHFq8s6X7aFyp3eMC"
"ddbd8c78-36c8-4a59-9c62-c6058653c7a9","4Zh33QgzosBBph8CwaJ4K5uZmcZ224kjt2HtF3KZeJiwTrAqbKn7BYVhunqzXT74P92GHUoE1GwdMMoQQzJHykHu"
"3a4b4a35-d153-430f-88f3-e85f8fe4596c","aJn6FrEuvU1cwQqDhps42GrwQAbXfYnMCBV9dtrtscY6xAejewETG9n4MKSPgXA7MuN8S3yp3QB89CVUnxa9XLH"
"15cace74-cb91-4799-aac9-f76a5436bac5","4ToYKmvtW3Uh9n49uwjawrn9wBNTNKX6WiwGaNKJVAFmPN9UoTGFXgSRfpFdQgYscUrrk1XpRcwsf7AGq99zLvzi"
"d77e17f9-ce7f-44c2-a4e9-2a7e4ff0c813","qDP7X48dg9SQxEBrtwwG494y9yx6hqKtoWwavVNMNnbeQJ5gxbTCmpUe121etPe1EbaPkbBUV7ZHW8HV8oZRbzR"
"97b3295a-f727-4e25-b6c6-81dcf2c57628","i2m6d6nk3CbPkCXx6dGAWQuNHwRhSPXETUtUgedKEHvaNur8E48Mh3ektRhJnonHJEkKDdt3LBPSUH8SNyK4q53"
"7ccc9583-c92d-4cd7-bc85-0d9d7c85adbe","nChEAd7NwJBRM9zav4qGBVM9BP6Qr6YZcXfgEa7yQUWYiDXDZjM7k8sZFDhVTr9h6BfNdXEB6AxLYQGTdNq699u"
"c42fe59d-078f-4ef1-bf3e-6d870d026e9c","4mgSjMrzTi9CMPUWkTWKHMZZxZ2GQYP5BhGzzKsD4ZvE6d2xwV14waroeCfa1xBLF4BcP6DHKhSENCjefExuARLK"
"5ddc33ee-6608-4197-bd4f-59e2f1156b9e","J7beSA9YUXTGNHfsUrqq8BtNsEdQB1eMeh15AFWKvjuJ4gZjstvxbF9a6vR1R5PxHYmEifY8izLpvSQWtJ8idKk"
"064ba5cf-99cd-4b2e-975f-508aacfd4d5f","2WY7eie4S9anLgHzrXVJrq4yF1yNy8h12oB2C3qegsdVZPbkFStXnwGY8tijxfx2Mpmq651AZN767M8nfK1haYGY"
"d3495f6d-d8fb-4613-9483-fa38c581e656","4Khs4NMWWsRtSWVfze1MPiGdxX8v2XujtKUK5XMZf6ptenbK5NS8EvtoJpTLU8wfgrc4ujsSukNomxg9fYhYMwH6"
"7d057e6a-5860-4cf9-aafe-fdf1f2af4ec4","39wSX5DpJuSidkoVbPFmK6qZDD7wmwjQgym8g6TPLxHWdqBNKFgtpDM56cuB1DkMHVmofftPWSUNpVTmqkvuxpy1"
"618fe893-4f38-4efc-b3b3-d6065632d1ff","3mSvrn75ZSDNyK3M7fNEAJ4itMwA9X8jDLTaF6pgz7ikmGj8ayZHiz7YaM3GDuk5KHj8sN87gux7i786VhWyUDip"
"ea066d66-1d20-4c73-a06e-8d14c6b40f51","2WwmDJXVahzNjCzab5QEJyh8jkYhFY8LsgiNrBiS5oJZLt2LnNponnU9Z5iVXgvKmjHyfVdrJxC4425pMMUiwcQ1"
"ddc9fa09-579e-4bb2-8a1a-93b0fed6c7f3","2LctksVyMbezdboVFGTVDHK83VWp5SMEaE2mf6Wz1Xeyaz5ZE5SifJsZjiGS5gVhiF971y57gkmLj1rCs96eikKM"
"d58b022f-71a9-4df5-b9a1-ed36ff31ba4d","3VoiyypAFuwXktMDX8sk7pexEsSyeX4VjHydvUywxfUjwoFAMo7URMjXo2QucDey9X2fTmQ15zgGYqHNcrBFcR2T"
"40231610-6a87-4a47-a78e-7197ec22b9fc","GCsRUpDUsvpcBMwajiedwB1yAgzosQdMLSH9XESaXqDddCz8bcHB5CchLSgGPjuHYieEnDwTF1DWWeoPHxHLusA"
"12297540-2157-44c4-a65b-eb97f0aceee4","4kzekS1jLHrsCYBWzSuAoujJYCiTsJf7ngjqwLePb4h4hbKk6CSsPcF43reQ9wrA6AhDCWjgVgxXQPKx85viwDSA"
"0f1ba592-261e-4045-b106-c04a190935e5","5tB55yQxXegB1kKiXB9XT7oJYMCBMYacgbTjrESTYXGfbMiH41qjs1kfmr2G17XCafSgvVnmkzdphYkwhvTHkCdV"
"c48b737d-eb70-41a6-a269-af64a8799d78","5Sbh5DhGn1mDy2az7v3Fo7jd6U4CYLZjuAusqDqnGBJnLNkYaRVD1aBhzRMe8UR6wzLZEDT2bm8CApWBycvzDztg"
"54cc4939-b0e2-433b-a59a-cda81ea8b5a1","3Z12GYKvLqSY3M4c5k7jELCBbC5WkPYU6FEGLNLfoZnosJXoMcHkEFrWXwhZTAtWDqVP5LonEcznQnQzstymUwMt"
"eb5ec28d-961d-4d5d-a220-0059be568aa6","3CerzsFfdUqwaCHyWbgBJWFroiady5hedrvUrwSPnQwyhN5mmVMwE5tvy76ft6VBmEXPJF5XNnJxJ3WESP65pUaB"
"21b72d8d-1589-4445-bfa7-544d9a1c94d6","2EzF5WcFhSUU1QhEAgTh7DCDKM7Cbm9Zxri2925dCVXonGXzYRZnZPnoEggRLHeVZGNsEAqsqMheL1x1JS7FJf8P"
"3c9f9356-65f0-4b14-9bc9-8a6afca35acf","4p9XrdGnpdNXpLpBXtgftHQGbtx1JsFqdTLNMxTLHvdz3XhtD8UbzfJkFnu4i1rw1P9jqTza7FfXF7KXUv6HMJp3"
"4912c80b-e539-4997-b445-d2c267ad6892","2uq9TuPTyXc62eNtCizMfeXC9ztxGxTFZrXYK1mht8bYwenuzumQiWqt9VCBzCzAgwJXHw8Y2t4QxosJXomiAnD2"
"92bf2383-1f1b-4edd-aa95-25b56509911c","2Z5ajiB1qfV1vQbnjzEDYGkGAi3KPZKwCZgXhjXqqZc4ax1YWzHLoyhujhS6d2TLn9jB2WmN7ksEuuFDTmw4tdTq"
"d5d7b474-90d8-4eda-885b-719706ca44f9","5iGofAvkjvxR9rpLRFQSt9YnsjKeYhEEmySF9Ud8DZBa2rdS5Tj7FZDZWnzvex8S45bNora227dswny44DBYK5TF"
"1a65e655-b743-461e-af3a-25ffa07ff35f","NxHHDRCN9ZuQfLAap1ki5PzwCjkMfCsAkyv5BVbv6vytR8rD9weEuio3JDVnWBYQiPpW5dLtits3zD3cuLC1UAT"
"796daecc-c750-41a1-b499-96396cf80862","3EHyUfRmTrTTJut3V7eDTGUVyoc1uzVRu5SXEkvVXL7jsJUbQi1Tz1HjSRN4rkBnrM76uDdEkg3QZau9kg5F4BM5"
"702e03ab-5a51-4aa3-9dce-3ca27c49d1ae","rMgcAT6GNSLjFFMVytsgGJp8pWYKYFzntEK5rh8EiVAkksZEqhi2cbuKfC5DbdpupbCxdPyo2nua9LRbTWLsxCh"
"05b2c0bd-ecd7-4038-9b98-531991a4d994","59hovbo7VmK1CgawJe5A25GEjZJc8Zs9Rc5zEUv5odtHB4opTJAzkstJV1HH4Qh7j5T1DFhqg3JjFo5jdLguvumT"
"050f59de-6be6-400a-9633-57ab50001eba","2tuR9Q32xv6sYwqjJtdBiuF8Veub5Zkn6kBK698gSU8EMqyEBL9FYXMKx76ykNKPT8GV5DxyofUDLioyo9AYRpPU"
"bc6edca4-2084-4f43-8147-a9309b67bdf2","2Yy5n7HLNBQ3Adqdr7jho9cjXVE6JEn3eYUju7FraRB2kbmdYRjLe1gmWHwz2tTNzgcxzYjwBWeN1ypvp3fEBQWZ"
"be9b103f-76b0-4761-886c-46a598506d43","5oVtAAzbSstQksko1todgUv22wnsjsjrYccJmTA3GU4ULd5qPWLvBhL1gGBxTdJ7ucfCbWzcPDkBjVUQWSvv85KN"
"d3e58900-4696-4b56-a4cb-bc76b238a830","2UDhWGtCDmcjqKYugukv8y8bVx9PUrQC2pV7eA74ygtWAc1u6Xj67x79KXBmFxRj7WkZWGCeYDPp2ATwuXcsdFJQ"
"e892383a-e7f9-4bae-beed-71f283dbf59d","3uE6GUnyAf91u7mLy1K5ZGtYLZr8N1ZwjVxkMdTRkfMpAkwMw6TCLPy4TPezWLTcverDaksCg4DSzZrS58LRWBTR"
"627878b7-31cc-4e40-a15a-f481fdef0b10","34N5i6Zr98FfEFYp2H8F3FawSyikrJaPJKpMzytdb85H9iVY1zwMBr7QvV5jxLACzCLyGhZi7qi3uyLzunjQ5ag1"
"4efc4913-cb4c-48ea-8117-5cf5aab2cf93","HPA93TqTHZ1jpuXyytSa4Tye2ySfhpKXJiMTPzrTWMbDBRTEmNaYQ57mvAcKsoQUZeK92QgpKqLnkabNd432cLn"
"ea7e4528-1777-42ac-a40a-2e69e8e11add","2qqdCdW3QHjPUCov9g4vWKs6GLh4FrYWBbsLXoCuD47w1XFnEqp2MTQmUGXcHy1pd87v43m6ZvrwP5DbLSn7WLM9"
"786f28d5-e2a2-4f3b-933a-955979d5067a","qf8yeDU7tnkoyoEyoBZbwxV5QVjPX115RueUsVHFYEyxpUPbDamTExoWFDnYz7YVCP31MjjDbbbbhxsbLWF9N1S"
"fb46bb7d-ff03-4fae-93b4-f13ac50fb463","Mpyy4VEnYDC2C4sEj6DQP279hL2VxSAzF8c1teqV8zx6pHbbqg5iekm6R3NnbHwjXt3eAtwgcqjx9gHCrF7PeRN"
"8d5075ca-2c64-4493-990d-3c1c8b26c994","49L45WbQrDCi3LCzJUZW2kyDfZiFXcdtFCMXuE9CRe8Kmy88ZwiKD81HRF19wVm7bCuHo4uZk4N7oFvLAeLWh7GP"
"73a87cb5-e199-4d1c-b980-14572882f48c","5JbF5it6E2jx1jGRtc6HTD2JAFdj54e2yWXj5bYxaRtPnAv54nwSRwUasJjvMzckbNaCBq3Q4P8CueMuUKiCPrwd"
"dcfb841b-192f-4ce4-80c5-1f0bba2e02b4","4UsZLAdr5yzypwPEpagoRw9kCHp78j3wCxd65R4gDHjcpEsmgDjfSSqrfkDLoF4agekdbKb8jYSPbko5JxjH2VG7"
"dec20d4c-aa88-44a7-9626-4a49a02a0f52","nkzGZ8sdg7dt2zo9FkWBF1H7jedVVw7LJ8ccp1HAV1EjLJ6mKPqXwjyzzVc39TF9NTHKPD92DQ1CY1ksSa6aFfU"
"570dc673-2c38-4718-97d0-64f181d1c27f","3EBZ6nZTNNGVYJmMtaHxrN8zHR9htwTrrriNw19Cnk4DMRzvnKbeg4m147at26sPgKCZuUhinJGoFHL2b8bEeSXf"
"35e63670-3f2a-4474-896e-d6937f96eb2a","4vhn4rDYExjLPBAu2MDALnkyJtsw37BXuyXpShr2E1n75sf28bewpzWNYeijGS2oYRzAS4nHTBVdNycyokPidVwj"
"62a54b96-8a2c-4e98-bc0c-914ae89217e2","3XC7nxKocAcQ29Cow3KCtntPMyN8tNgVUErwa3CEeMGqebHu2qVoQ39UX4ukZ2hwjqJUBVVKTs4mXFCinYJUXSdU"
"5db1cd2a-b558-43f6-9dc8-6fcea52bee8d","5XPD7R8V8bsmZsPQYNGFUZ5DDwJRimKaNn27524sT2iNUjwN4JMFBm4puhGeeCyutgyiJb1hBfyxg8BEUTUmLdV2"
"7409f9ce-650d-477d-ad96-56035fcdcae2","5tst6LxiXxGDscLrGwd7Ymxy3jVCiV9euiLoKdYPow2B6s9R6eczVKcM1VPBhCwzg5zDwrjySxfoXuoCn7ktaBnv"
"7986b8a4-c07a-4d1a-9b2c-4b649e2438d4","4m4SX5xfF2fF7pEidqbwE5EbmQY819wYoKsHM7G2mjM8YA3BZXyW6wUMUgHo1pDmNHQGemW9h1YuCxcRQYzSHDVK"
"ce89d320-3ca7-41d6-89c9-942a47ecf509","5vpQNU46FgMSXH91sD9EhtiEPnFtWsmdPvfZG3TtnkfSh9ejsESWYuZrjMLxyPHgzXZXEr3RXacTXWpLxJuLZqbW"
"31eda85a-6e11-450a-983f-c0058e9b5e76","djhyEMPtyDEFjwMzEGxxmvPqDwnXFEP1PyPHZAeEKqABXzTbQk9eRTtPzRrvTPJKT5rwk5QZ6H1VLxgs7hCGuEx"
"f0e4576f-7ea5-4bcc-a77f-7d5ae6603dc7","4LSgeS6whhM1hzrLJQUuv87yXdnMLxB7pEH1ziUMECS4dUtD37r9v4BhL1JfSBSGZjMT4PPErCJ5XB8o1ZcJdouz"
"a5430aab-19a3-4c03-a5c1-ec56f838f89d","3dVhcVaCqJmvab1cQU23wPqRwKFpQhK9eHb3jaMuJdiF8N26NsGxR46Bip8hcXpCC2gppoJ21FpdgWNAee9hoH2X"
"8dc7c8fc-2e74-48a2-bc84-855cc01ccf9a","4xTnA1amcyJSerrNVfHtrTHNiFq3udCcMdZzq8x1jkLpyJsArTMAWX5BjsLQkLNGK7A9bSk554F9WaW5QajGWPVW"
"d0206546-3ad8-4104-b0ad-1487adab0db8","2FguhLbLTL7Jd4TeA2Fn7jLmkFc1Sc6RcB1sjDq3tvoLyuuzbPehFNy1EtZDM4xiUDposoofUWMnFNdvEWyPGfAq"
"96340950-4360-49a5-acc5-d841f01c24cd","2Vo1MYfV6qZo6J7VxWWWaADw9xL5SK4KaC7FnkZHP9zQ2gynyuqy684vJuZUGTUuwR54ZpZgKrk8ZYaETBJtAsZ2"
"ee3d1d4c-e857-4f67-8882-0f95b1b0bcec","3kj3m3b3YJVDkPiqAKKfdu4rVn1VnX5ewXPdeQKYiwS5Ju7BiFSyjf4wRtxtw3MnxM6JrE5Ya41j8y64hz9mhZUj"
"f3bc53a0-9faf-4f6a-8076-cd30ec2e4388","59xrxJpAzJACKzyUYwdJunBUXDE37XpBBpqCkLXZvCYvWbvu4dbJ9MiAqGTy2Z2AK7VBRWNLaVaXgTdsJJUA4ZXF"
"a70304e3-cf87-4d1e-9589-431d8827f8b6","BJpnX94ExHNrFfj4jU6cvk89YhP8HjTCjVnbcUap6AYiCwRYhZQtyLanTB6R96xh9ZfdGo63NrasjtF9Q711AKj"
"e9d576a8-0989-47ee-a0ae-434276bfcf55","2HnWNYfBy1E6NhGHJm8891bn7EQFgT9Qjy1Ji91cFXnAthBSJDUGbJqbHpwEwXgKS9w7GLubbd9v96hJ2TEfbMsK"
"a943914f-d8e4-4223-baf5-6ed3ef87e9ec","5T5UQUopRT1tyr31jvKHquavVMyeFWfE2hdn8vZe3pJYMKy4jdLxbgThxP8TxPbV5uhzFYzY4y61ESFgptMEWFuo"
"22211bb1-7f02-465c-88ab-bd0aaa80dcd6","5xYE9vajwj52xW5KXGT1iEbnPi3TtqTDPuqBQhMcT2nQWnH8yXFgCzpTBL4sAm9Temqu1FvEqosmnHf4LmxG2UZ3"
"80c5308c-d639-4301-8b26-4c84d8e88d8a","sd3VHwRLKxYc9XjKpQPCA8qPFa6w2fA8h79wM21SNgM1pELKwRbcHnx2VcYzZenNL6pdwGYCtUPoe1RySYJh81X"
"f18a224d-57f9-4478-b796-2563b80128ea","25PsXb7zJrXVTKAk9GXdXVFKeznUV3QNFjFq6enZ6SUjEn73p5cxdyLePeyCmgsSaEKdJDCJ4rf6zD8B8RKQVwuK"
"4b450e5c-c800-4fe6-a697-4cd41e964298","5Cuxjc1s2xgw5ivJUhEEdqydiGzMyoQgBnUFtJgWmhJrYA4Wyo2gzYc33yCgjFjZ3jQFjabKSgY2cPVpc8VbuJRm"
"68cf89bc-731f-4855-b6d5-fe7352f83291","5PY6sSbmXhmCrJNUVR9KG5Ps8q2Nw6vDTBwRN6bZrVX7NfvL2Z9DdMrtCqZSziMgxk9dpKmszBFhJk2yZANfYciy"
"0c3abb5d-24c1-4354-a43a-c3498ae7fa07","4Y2vomMcBkNY1CMJipXXnqpA1Sur82RYWvDkcXG6Cm848s2NK7JwtWjtZpLSsCu4hMEWJMAcGzeHKXeMqCes3fnh"
"0bc23fec-3eab-4617-a7c9-ca5c2c43a80a","2RRqcNfBfiBv1DPVzzFCeHXbnrZs8ZrDb1tRdmfrLadR2MgsLR2QLpfPjE4mdYxuwFcW19ZoDpMuRsdRP3rhcqYj"
"789f3510-8f5e-459d-8672-f2771de5a8f0","Y7SLoejWu1KSk3s9G2XakWxJPHgvdgQ3D96eD34QQCf3QDmLR8h7JqjNc7WT4XEkaAqVu6WUsF5yVYidLMqEwAV"
"943ca0a4-bb9b-4d38-bb9e-9fdf9cb7fca2","2SnzyGUpv7XA7WBTVFSyoyB1mo31kwSkv8wuVtrhMRNg8rc1C7yrY66vJ5SjbWB76g3bKHGgoDQCQGooeahchNNY"
"19dac99f-4cbc-4dfd-9198-4959ce9b4457","YJe9ktX19E7spVedE1KyTnUGAEWB7eDN2qQP2MmDzDW72xsAzcwXwByvFtxqxuxSbAmmBzpLvDeJWJx7232w8zX"
"9d27218d-b308-4082-9ad6-91d28ebec16f","8soKnJM9a2FrdoArb6Vh9gUxkUQZs3LSxTDETuanZMuQdRd3wDYHzp4xNLXhrWPki9HvNgSWjQ2HXvTsLzH5Yp6"
"802c2423-9950-42eb-8024-8c4d383ed713","2zJ2bP1sA4sGdofd1s2ysgKhAGYXg2sw1jqASZ7c2dZH2nkevGc14uTpDyfkeoUD6m99KfS1wDmj5xnruyUpd5A6"
"87b0bb57-de15-48b8-a971-779760c2ff09","a7FKgeNW677zLaB4QKMkeBi7DVag1RSmj4giCpVMrZcDs1hgK7jz3FoJSQRr2JzU72J9bn5GqAEQo1Dtn8FRCts"
"776da984-077e-4011-9309-aa74b6578aea","3mRzEZFthP7bHhUGdeZFDqiTJJkj6u4BAf5WoWMHQLYvqf9yQdAiUcqf8c6STxps83HLNXpEpasWHH3xeGmX8C5"
"cd92f2be-4007-4e53-94eb-e39e01e76567","2Ceow1CSuiWFVL6nkyjsicdcZhrFxrykLyXyjTuHUjrp5b3fYad1Ua5SgAc9D5pVRvYtHw3ZGVsMrVrBQp57hF8Y"
"7aade9af-9983-455b-b2af-367dbe34b8fe","3XfhVEH44VmyE12sp8Q56uTWfbZ7hQT774sMJe2Mt1M8o8x8EKh36EgxFRcqDHAeP1xBeHSaoQRaun4vxnNLg4oA"
"c9c63482-73da-44e9-928c-e01be9aaa28d","3EwkPeEv6A5Vn6gGChprrNgFGYonJRrgP8emAggbxGqrsd4PPuKsjH2Q5VWbUrqw97KM9db5RE66Wb2ej1uSkwtY"
"788c78ba-253a-4a3b-b482-297cd17fd87c","GZy6LcBUkVvryoodzeuRtf7vXvaHSLvqen7atywPV6RV9hAKFLrADt4hvKHiibPamEK1obFy4u7e2BUWNciHRz7"
"afe31bdf-362d-445a-aad5-956a2f4ee0c7","3CNRV3KdLoNWKGGCRRj5o5WuvsDdaytXqdnSSzjKYo3AD7Nhtrwv7PchiK9SfFxBrTgfEJJdvXhCRpPf3R81vrC2"
"c1c38012-0004-4084-b253-9d117c7221a8","2w3Sfy6PVbVdZQNB7cPu8tw8NKhke7MZQcAHDFapiJ54NFjDwAQQQXxXEPBBR2DxdFZgzRWC94ysdyVeka9pqbce"
"1119946c-3c6d-4927-898a-9634c1bc64c5","3UAFgxrrJVG28fWrYJ9yzE2QQUoiwcf9i6MFX1vnAk1GnTqWrGkuwVC2ccip3qySXxQ5XtrP9ofacxgmb9k96u3c"
"438e4f21-e51a-40ed-8ee2-fa957f34d47b","3HfbuFEmmGaz7eeEsv4YVdk1E5FGSZSNzfhXohTzSUw7pdUYUEPHUHRhiodvkrwxX8aJavpJXoTT2khnSqQq39y8"
"aa807886-01ab-4048-a744-1170a365d7f8","234GHfk7J1wNyTe7nuwNYM8wrX7EdLRrY7VPEm4oy2XhnRNTfyVBckD8fSKbVPb4ejuXbh9gLyawe3fN1V332wT2"
"ec4b2c5b-2bb6-4e64-aab4-142f90c93100","51LSt5cND1fDXNgsKQDLjtWd1G1wCLCsmXnKchCve3yrBTtSix799QeA1PQnSKJGimm3Fue5txbvtZFcFYH4EF5k"
"011725a0-693d-4bc7-bfef-42374a5d43f8","hMPCY8yYGhg1GKw14QromK5uiE29TToVBXEDnoT51EzRH93fo1npcfrQW4FzCM4QTXspNT2xiU6ZfD7s7meFCm6"
"1726f98f-10d3-4ac4-83a2-2d40d03b3766","3BCEPRTiq7YGzMsFyeb1kgPTSK3nHuJQq1TdVitxccWPACNSdLjQMDDGJds5vdV6Ekr92etCz763BhHVqSRCvgnb"
"f2e163ef-00ef-4f55-ae37-5e42d32239cb","3fhXy2YG93vjEUrq7rViY1twcko7MrmQpi6Mq1vT6a3tkusrGYbGxTNT1i98DgrWQqeFNM1E5M8XiWDfhxME2pvy"
"17a27613-8546-45de-a181-f40815575d51","QqmYe8ByvCqVVCGQew9UPzAQdDqrvFWt8eER71eWFauxttVEs5TisZHuDC3Umq6MUZKQ59buYeTAoc5rYVjhi3w"
"b6596f3b-805e-4b9a-9aa5-4a4bd818046c","5yjhZwR3JtAdwtctVosRQk4u1VVMqYoh89aMSQTwWje3HFCnUpBb2Zmu9NVLVxwz6Pt4BW7CHLFD6M2H5CuUDZMm"
"51a4c7c8-367d-4dc2-a7fb-e9aa80f9b8cd","2YoZx77s1mBFzHF3ioy4Gyyt4WbSkL4Scz3HfrQe7PP8RVFtk8hcJzAdF3LXkg6QtM3UEUh35b3nZv5xFwssLc23"
"bbaa5652-a1f1-4f1e-849f-0bea69980987","suFTPSdH4RqRm3NZMxynPe33kkJ9sR5ZzWLmUchwXm34QkV96UF8oV2qV6osfqDajpRzpDV2ftZ5NWYGzggq7PY"
"45e6d5f0-8b49-40a4-9591-6dd1e5354763","5ym4y6kfpVQJqRyWfr7Md446SouWRPCaA6dbFRUJHYQHoTW5F9ig6XcixJBYKaZ6hU9rzHU92ybk91gnfCf1hxVy"
"71540b0e-0b98-4245-a57c-bb1582999353","3UKweDKswvvsLfBhQ3uWyFKeEKy8sgWvexcZbpx5CJZr7NEJWvoLPcnY7HxFNWfJo2KsRVP5MTTbqUpDJdfi3CLC"
"adace4fd-16f2-4f31-8316-2620cd26d93f","48wdt7bm9okbQvum8gvf8gdTfpcb5D8StUbj4cFUtrUmuwwLfZuUXeGGCcT8JcnXXsZCbVaahYkhU8psPXUhKBc2"
"4c9928af-afb4-4619-9f91-19dc12ece861","LHhvb1vYKSTqfbqXr83gdVwvQx4SwWbtWQfjzuYUpCdmNaNK3ijdRmLcQAf7wPQhnmLiHMUjg6zh95kxrMwSVeo"
"c662ead0-8090-4038-84f0-ad46b532c14d","3fGi4vviyC5RuwR316eMbfDVCB2YiK7avk7o946TcjyTVBtQWyFexjheZX3P4Lcy4BFcux7o9Xd9giVnvVUoFMSa"
"5606b96e-65ce-4899-9ad6-df8e9af83b35","gjtVoVag36cjCNr3VuG5NHsTAACpVSMQS59Gnh4pjjpADk5YCVsR3ENSMaKq6Pb4nbd9oVgUHKQve6hnZnCkBev"
"f01a4a20-f7fb-467e-83a1-e7a2ca252c0a","ELePVqhqxxwbwsMBEDmDnbWHkKopnKDPQKhBgUjj93aZxyp7KbEDbThS1GrXhtW3mQJRZkwjmWtLXR9hqP6BtF9"
"d8958a40-28ab-4456-a3a1-2beb3f417a40","UUHfseTxYqLFEk5YRXFoAw6Bw4qvTGXoj57u4sKpf4Bsr9wvK8pMxChR2WKGXjCiLEdHoPWZRHTn4kVTEAtCfuT"
"dcd5362c-b6f8-453b-aecb-73a20925b0bb","4jqH5iUrQiGLVgy1CSapkFzPH5pvj2iT2HoYuLNGdR9oPS14aMbWuyg5vuL7MJi4nE15qMYVeUigHaMRwwQm7ah"
"83205833-a1e0-4228-a02e-9b354d13479c","5VC8kbQLhaxQYGPvnF7w39ccKHrs5VrryEVT9z2t4bEkSXVDfJ2TCKWMbV4GeJ8mN2DWrivJMshRtcwkNbP316Vc"
"f2250341-5bab-484b-9767-479d1102ee74","2a2qbtVqGZzwNj86gyE7Wsvnw1x8XohxjDemx2v2ZdiiWMwEPKe6UMQGE4Vk7ViTYm2yaBVGzff3yv4ERLViwYR1"
"e55d41d2-6230-4d8f-bfb3-680858bfbbd8","4d6TCuXZcyhB4P8eXU9eASmnWAaSavdGQSGC262ULd9Gs2AhvL7TMEWqs6LmSYuunyKiPTb6Fofok4P8K1sw1Gi7"
"1311f529-16bf-4877-ac1e-9e9874938fc5","4PhkSvEZeuCTb4BW66Mjch9P3s7pMTbzHYusM4ZuAFLBzo6DX8bDuBvtYK4H5NRoLPhKJGp1HYpwJXNLhAFdXF62"
"1024195b-086b-4c0c-a78c-d86f823fd40f","2bsjjF86PArqqgcCFNXmdxKoy5rPur5BeogeCpWvNHHEo7e6bnpFA6eptTdC3CdXbyBDKE4G4M9D3EcHuU3r7DL5"
"a2ad75a7-1e65-4137-8b1a-5f73c7601c67","3pM43P2r1xS6Ywbk2AERayvNxdUxHeEwufYjH68e8GeGaJcUNaEcJZPTyNNyMJ5dP8GsuvaBjikZYM6wkSvuov2B"
"3a06e2b2-21db-4286-b0ab-ab228d1ffcf7","D4JRutcETiRVo5YQK41GizzBhYtsB1SpeHKod6vXNyDEfxgKAvS5xQUoqPX5QETvp4ZKnByj5vdYc4XKoQNrtmD"
"690c1286-f185-4d27-bcbf-f94856411b77","625Y3Enc3dQ4sqcuhPULWm6MFsJpFGVJXdvprWtab8n2vXJ1e6UfWQgrbTiLHdnEn4QvJLV2eS3rXRuZXuebfe3k"
"2f1feb43-d82b-478f-89be-2c6c16d2e785","422nDPKJp2kLJTX93fMZPxVebVGv1HXta89DMiygr5RrJgRUehPY9q21HJ7SwGfw4J1SakC8qC6zu3CHsTmtCEwC"
"905e760c-8f76-454e-811d-40ad2c937447","2soyDEujx4TEs6tgXuRrcXnzcdtPs5Xdih3gzkYfisP3NE9P6vWpvLNi5Ww2t6cW9UqoWcwWiNPygdrKdegJ8SWe"
"59acfd42-0aed-47e0-86b0-b5064d06b4f5","vqDM1LrowAcyGEfw9QQuGhqfBf3iUfyPU37LzcoNUv1nhTUcEBYkC4Y7wpLzR7YeNKGo9RcSBTgQPvyFtUtcNph"
"1722255e-b4d1-456a-b600-647e719b7cef","2rX6iE6CpYhkp7pZgscHYn9qjc6K6ZpZNVLxs6rueG6Q241CF2VHpw9DCLAWCkoMzeA8GfpTxW5oWWd3YTy4Ndx4"
"9011a7ba-5f76-4bfd-890a-f2ee1aff38a0","5yjEn9KPX6etN82stocmkrEpLAcA1wfqTv5T7E6YKSTLZGjMfoee5e8EmTKe4bfd4j6Z4MHWLBeUb2VuBADNgvo8"
"bf9efd90-f13d-470d-b411-f77cbec0f525","2Y7xYYPGDERcWhzA2DVZcumdQxMczQsGfMBhwp9FGJQ5WXk8exLj2577upQ9y6KUAC9LaViEedHkktCydCCKpR7m"
"820f8826-0b04-48b1-b981-e0a104cb4ab7","5DTHNQB3xU5uQ3j8y3BRjdUKv9KZf4PnxpKRoRsjF25CcmU6nE9L3defhma14b8QkqNLdGEfwXPDSwbzD2nyFAWe"
"1d64bf55-bfe8-4929-88ea-33c9ec07260b","5QmcRFXkvEDUusHeDj4zLYxGNRAbMmnhsCz6JLa32Vr53vdmjUeixexhRVqSaPBtmh1GtGUF3dCTFj82dMuC8CrY"
"af543bf6-3527-4607-93ff-fbc9ce7a369e","3RpM2Bs6Qd5G1H9ftDWarHPH4yzVJA9YWwxJE9qQ3wJJXqh3no9ZrnodQpsw93z7pCapSMo4Bj87UbFLRsF1xZMj"
"6a42610b-fdf4-4251-ae13-c4f9c2df81cf","KE6BYAJTziKkdJ7gHWNMYPYhGU6hyHZcKSWPkXwe47fQGtisTTeEaXt2TbtSBaqknhTX7o8y4Hcf8JMh3srdMff"
"8cb4a77e-bec2-4282-a0b4-44e693dfd4fa","52ssPm8GB1xtmEAb4MhADaLDTRrtFTwn2voqLWyLkVpczCC2VnPwUadpBv3k2wwAdgjByhCmBC8bQebmkMoRPX87"
"20748b1b-c1ea-430b-a80b-f5a7e74abbe4","SFpGRbvD1bk3kcDjdUFZ3n5GoMMrHVuPTTmiymPTdhxrEgovMnqR3kDTf8h9aKv8Sgbu6g9LV7UsSqEmWSJnm9N"
"b0629889-cfc4-4a3f-9811-b2d20dd0bdc2","4yXRgwgCmMACwrnNFSQs7S4ToZ4781LD7wuU4raaexHynce5HFMSH8XVvLDn73XSXXud7YMRYQgpzXPFqQPBBBXd"
"0333ba08-fc04-4ea8-8477-5352c041db43","4Pke35TnEXPyYdHandRxttZmMuQR4exScV7ZjLw4rv58KDDDdLwNokRc6G1P8a3WCLnfvAt8Ls7YDyKtANKuBwxk"
"a4142410-5848-484d-9fd8-ef84f27bacd4","4wrAthviNjmiSmmDtGYCfmf1Yu5B7cucSLbNGzEYKcp7p8ArtR92ZBbycrRvisTLYHtSzuva2r8gyZhDZDoCEUpS"
"3762e83a-8367-47f2-b506-c4e53b1661b8","2kcUTftPw5ktVfemjuKytdrfzKnkYc4onBGdLbtf9zhd345LfrqBV3vzPCBYbM8XtMbwVXfn2ETwXLoCryyMXNWF"
"4f7a4200-4ceb-49f3-8b92-d7be0279e847","59HDC67cFkpWVLHKh5wMM7NVCkea8HmsLLejxQPFvaB6JB1wxa5ABoV4kqmaznj66kLEwRQ5Urkcg8zK1oXy3BRc"
"bab41f6e-718a-45be-901e-dffa59f77240","TDKkvTtXDGRissBBBBpyGzqS15kQK8Bw8MT9jFqmnKyZpPZNM7vq8GVLFXqgVKJKwM1PtnUiX43kAzZvfVR3TmQ"
"e73eac2d-e2c4-4575-95d4-d7545ec067df","4UAdtcqAeuPRixzq3gTCFyW5T3efXRTbseDZmWy4E5MXFnfkpbuxcfCF2fknfujuKTXUr3z2sUWv6zm8fFWXLZYC"
"eb03af7f-26b1-4170-a62e-356f8bcdb94f","54ZPrcemRrWzmgUVygymGa2egc5Q99twqjNZ5LPu8HqFhouaPfc2c3BDX4ViAdhpdejgu5ytxGz4DKL72Ls11BKK"
"18af0391-36b1-4417-ab89-ae374d511570","3ADYgMyq5RpSxerDmsyQEZszzJfLRKnSqqiWHCT9DuQ7RTtENg62JsKj6Z7WzAu8jUi2xoexbADcuRCaohuhMBC3"
"76f94a10-8a80-444b-9b9d-bf1a1c09496a","4PdGGesReBZaAVUUY6xyb3LoSw5XVDFcLV6KNyFNLvSiiiQeCTqfwZWAbEyqVrduDJgtaUd1RWVab1HDJB2heLVP"
"f6c45fd8-90db-4333-b474-fb46f19eb41c","2sfM9a3DfRiJ8oA6MEsqw9CTK3ZQZUG5C8n7yKdh2eigGcBMiXUPXxVkQBnY7CbEoQTaFuCf5CULw9Q8GBzhGNGr"
"a020efcc-a389-4224-8bb8-33bf700d8bad","5PzKhJJgdaZH8DkjAwVX5dUm3g6LVo3q1XEbMwMAWSzWiQcp3SwEHR9qHHAKCPkkzdh34AC3qFi8ah4eGu6RkHNf"
"c7e1f64e-871b-4ab2-b973-4ec13b0176e0","4c9Kd6VBL55NzAJZpxjf9jVTPNFmwE1AGLA8GkFH8WdJZAgod2EKcuY3An6ScBhqgjyuCf7j3sYXKfu8XtNSJLQF"
"7adbb0cb-1bea-452d-950a-a0c53f0e9b3c","2Tu5s8m5kMYzD7xymvmJvgTESaxh6hkhVk1Mb6DrXthAnLS6WDfPGHQsjMCsek7Rn4dXZ5fSqaKgFp5FcMFtHJth"
"03cb93e3-8c10-4084-968b-236bb071b907","2ZtPkeoqcfDAbF9paU6xLUwt74TJmEhSvD8AABg4EJ9X6gPoy8uDFvUR8Y7hJq6qnE9Q4v8yReW4MYHfaZMAocwd"
"4199eab5-8aa5-489e-9483-f7fa32389475","3EpwwvUirkjezWWAsrNneEVh41Uncsm9gfBmCBFgiVHeEdRWu9Qa2VhQfHhUY5VK6Nju7YW3GTg2VtFNTESuC25d"
"e504b407-f709-4ed5-b472-d06ff1b1e14c","62rGTKpRHhXjrXBJ5T1jmNNZxkpq1eseXmVuoZ97uSukVnCAiuhKVjQyu3XtfXjESdcEScwxuqtMgJtdmzJXtRby"
"4b53da36-a3d7-4d98-99ed-0956f3003786","M7uy9PufTLu1VnYicD9MPJMmH1HWDTMSesgHvMV11B5mLf43qrr6d4qjGP4yoKJKATVYQZodKxYD2xKQABjBPSV"
"1c6f39b7-af19-4aeb-8611-94d842154104","4JqAuitmVXfXMY8EJ2EoFQat1tr8s8fXWoMDEeQGnou9ff3jbeLxpEGsL6FCvL2yjTpxVWAjHfz5ncvQCunTRaG6"
"2bd50fc7-320f-457c-ad76-6d28299cc2d2","4gyzEDpi1zHGWKNgMWFJLCXe5ZZG3ovHgg673EquGb7tUGcnJ75ApdWoRiv61KnMF4aa6XsV9b3X5gfcDpDHdCf5"
"94831fc4-0ddf-446a-8460-408b1afd5e68","5dnCA8tMgYwkAFcddeYY5aLZcZqMbdu4gDF1qQgrkPQXiniihgfbfBG6TVnvVFYiNw4M5ZKKyuwELRFK72RYe8AC"
"192cffee-5729-427a-96f9-3347eb31cf09","4UnwJ8ZgVx6VPXRZevm97i2thML5kwYeeTiTisJmnJF6CmxsgJzsobMdGLgM7q2mdQELPPBCZrZzb4uaTJuxVvmK"
"ec265a89-9bb5-4f00-a2af-54ab540d070c","5CeRDBpchBEor3zoDX91Q2YewJDnZRnNZTVdgPjwTc9VJxMzVm3j6wvB9zbZcFYmqh9ZgRcMkGDPxoFSb7FBaTV2"
"492d1cf2-c80a-47fd-91e6-3b90f88a48fa","4SGNeGCBhykpXDYTpxLpu1jmFySVuKUyXr1aYMbAET88Xwyw9QWg9dF2eiRxWLeNMSYio83zAPwGbSSc1G2Y5q72"
"6f45ab47-db2b-466f-9ce2-e8376170f2b8","47NWbKFet4U3gq1mNUVwToEJH17mBhjL13CSGiTA6CyVYtkpAiUmSSvQo4X4Pga8Bwy6VMz1WQHzK3tuGPbdDPM"
"078dc47c-8d60-411b-baf7-1d9b463f39c0","432BnzMBxTd4wE2qyRmiG1WVgD7HLRYwspzMFbRBJydoCzq2NSvfLyCmtqQ5P5YHbCnW8FGBkP2nATmmCuhktc5C"
"c2c5f2ad-597a-4da3-a9fc-718ab803b630","56oQDbFAMkxwVKGpNQmzjR2ypQrdJKfy8uxJ8WBnF4TgkMag8k1MLPi1YwzLxtg8BgJoduELPPgZFfAF2qkH7gFF"
"ab33d899-9838-482f-834c-185daf2c8357","4GXw8GKdAtgvVGCRGajHm9hVGL1uBuDAQrsVQ3ufTuJkwHQuq56p5BDTkizqPZyqPacABXkB2TdimrNAaTmFk4C7"
"4afadf5a-d754-4624-903d-e260f39d3eb7","4oavY4Vq7VNta3X3nen9j5FwvRLLh1ZmJtgDMjQ1x8nJyfQqEaZtYeJufzkK8kdpAHyXncP27jzhqhsu5u6m6j7Y"
"363e64d1-0d0f-41c4-887e-ecbb351305aa","4rij5T2WiWukhGNdfmgoMn1jqFJkXKfQzENW8aVLJMRg4FYUDbdW1HJPtDM3tR7uC3hKDCu54KaiMhysaobUqaz7"
"ed748287-27a1-4175-a8fa-ef84948144e0","5oVYpfkDfAwbDUpp2hVvje7V5RRKxPwqcvxxqTWoe3hSA923sBnsBdwnK2ebCvMG3D9v6KzpqtV3zyTdFEjTBNsJ"
"0b3e6d62-1ef9-4691-baeb-99ee4bd6c03e","4Sw2WrvuCWHGfb7Bi3eKZSS8TrFrbuJp9Q3kPwxm4R2owehhura1gAxziTfkeYSy7YcPS3cnjTodktAhUjpVTsg1"
"47bea830-9d81-495a-b527-05dc823926bb","2p6ui1wKHZCZNNadBNQTgzTFSDr6fMasAYLr6Kv7tT18HExjnQmMk8ov3PVBs4wMGVJRD8awPVsWxWBSyhkEYw4t"
"158961e2-4ea5-4688-b30a-074087cc0572","2NWYSokAHucrB4gzErv1tesj6ydzfjSHZZBYQKFXq9VwCgNdjQrS7yRqY53XpM1JqnrkrFeXWXUc4d4XwzjLQh1V"
"d7a3b97c-ad4a-45a4-a2af-939f889b2cc2","5YSLW9W1nHQLsbxjM69tDFaEujCySfGXigfH4tx9u9hMEzipugXit2JpVS96fbiFefzAnzDSjrUyhjRuui4G9BZM"
"e3860b40-af05-4105-921d-d6658513ddca","L6uWF7oduyAtBcNSGeQcj1RUL2WVPGpN16Xyjs4X1pDKkKoiZNsSfdsqxcwF1W6B45PYxfXxhE6nkcg8a9WMHh4"
"5a1cf603-09de-4e2a-ab55-2b1b86656d6a","25wZfp9BWQAXyBs2GyS4bxFJMsrgtwAmBFa933LLwYaN66xkQcT9bvdnyVoN1TJUpdDEq1AzumStk2NwNGx7ef9N"
"ece17656-dbf4-4c9a-ac75-1a1f69ade297","21Q7PuoKxVf6rWh441bV7KdMNT8nU5QwEqwGemZQVUTNGNEFYzGFnmJFjCsUnPFLqCTyfb1kppT5p3zcvxjDb2di"
"c5912771-a0ae-427e-a8f7-21823c5c2ac2","2HxBAgRdZm8VkiAwpsVDcP2MjdRvgmm8fzGAAV9g7QxLHFdCHsdMp7Z9b3WN289kzVJ7WCE1jJGj385L1zBdkJha"
"e55aef7b-e771-419e-bca5-276eed90835a","4XpHUFjvdp43KLtiT7FdDfzzEduinuffrT4pvh1DV5uFJVkMAoE7uqw41orZADM6yh9dGKmCztkkUUFLf1hNKD6L"
"e53cb558-d782-4593-b9f7-25ca21715589","5kDM5CQcEEoYcyxV8G6Sy3HkcB97jiPXA7Gjw2br2ffV1Dusy5qGpyYeygiF2351Dd9vQ5m9gq1Pp3pPhg7YRKnW"
"d2bb7e4f-18af-4405-beef-90481f11dae5","oqcpYrrwxneRGYT15e1efsX1bUdSaALADX9PLLCRUj87XMR7pjTz2SJ7csDpi9WTFSVWoRdTNNX361Rg31DLmmg"
"24719d3b-0ff8-4559-af4d-1d72d70fd2b0","4XsrG8QBPTPbxChT1xVKMiwq7VnYsihBNde3XkLAzGeX8foKLz2QBdBHU61XQ3LP3Aikxipz6dYevuaoaaBX3Dmt"
"f928676f-2f57-4595-851f-ba1b688be8ea","5tFWf3XARmn3nrNs1dUUejx8D9HVruWtzG9AXQgyRFikVnmHzVyLzjQyvRfayM53M7CbSq9DK8W131UZ6AHrbt8j"
"b6f7a845-63ec-47d9-8661-e57c1c0f5625","5r6BFNPPE6aptjmRPqLNDn161bEogHNhCCHjK3C572yLJ8t6P2XazNTiDGxbuqiDPdXjPrzQiDq8PvAS94LfnGz1"
"4b50ff34-aa0a-49c4-8232-7b67d4725014","EJoBYc6h4p2WzXpVTVF1BfqTB88jCQQZ7xhzA4jSXXU45USomYGqqihkp3hjqrSJAGNGiFVicvYyn2ttdy8Uty2"
"d99641b6-88a4-4daf-a075-ea7d767e95e3","2tpwVn9uEVVRJoewSfPRY2D7iDbCHcw1vvB2scH5yTCaPhq8UvSsN61k6ba5UxapUmWbbcLHMufxVtZC7QKzLECm"
"a9dde07c-0f90-4d9a-9a5d-933024f6589a","3miaeitFfR1pNS8fJTjkR8LKZykpbAqz6wbSbL9zDac1gYHJKYjCXHHaANhMrHSR4xSwrk1ss53Q29nVC5SKN9ds"
"06b88b99-1056-49c1-8fd8-52cb945b4004","3fbD8AMyRi6rcJgu624L5RtDv5jTjGRLbZa5ZRVLxXmCK1HPvb6eUp9H7ZnmdtJik5qEXf3WNhNXQvmgA7KRoiwR"
"5e2ad567-e3b1-4e1b-9b24-10d89ceae530","4quQzFTmuJ3zBNGPgKxx23JSf3u4sK9JbfH4Eps7c9B59k2QDsg4zpS8DkK2qS74yDXsqp3GMtLiztsmbbiTDUMN"
"832bd87a-96c1-45e1-bf46-ea6b5613dda6","32JXBphec66X5LSM8MPnkPqfjouQZv4nkc22B9mY86ghaJKQVSMTD8qNkMR2uzm2NkiMJ8sBCqFoFndGQBfKeeKT"
"246081b1-de1d-437d-98a3-e2484f80ed74","52P1vQgRzbQUyoaGm67a4UQQ1JczHjym5qgB86ZGd99YpbEMMoXFoEXmL6GFPBxj5u7sYpdRNPnKqKLh8u8urpow"
"30415944-ac4c-4937-b53f-92d9f63c6611","5VZiqtgXwscCMTbJP8BZ7Vgh5kRFnthdP1fUMSu8wD9p6kDNfzHLVN3V4h7GF7J5X7LkeYbEAF897QenrEcv73XM"
"731ac8fd-36a9-431a-b3ad-2463e0170fc2","4WLw7ncaAdyoE3ewYf79gxFHBn2Z9M6v9nFnmLDkjT7YUDDs68sAx1uacsVgP1VzpnuJQ1fbFaGn2yiwDtXFnSEf"
"f1ee2e20-4eca-4875-8d5b-04571d0bf554","38f6NeH5YxcNYSAYZmmBWRDtgbLyTbyTmobWdCmteH5Fo9vPQk2vy8AY1gzDDbnRbn4qBdwAZW6eRaMkKHgB4N3p"
"227bcbf4-68da-44a7-ab2c-d6a5cb42f6da","2RJPw3xQ6EHvKA7BQWa2waZC1RsmGCsbptbEdZC5xgQtcoSvGLp1aeKXxr75ndZgCaSLu833Gn3umZmUgJUmXeDJ"
"3873a95e-4ab5-4bf4-b00a-ba268ca1cd5f","4RVYEtd7G1YKKAyf7VAV6cP5fduvWRQQn1fn61qKGbwiit9S6A9aek8vjZgCy3Nhq8cDerQnDhxRUTXsMPrpUUgQ"
"7abaf809-86dd-47cd-ba97-923a07ebcae2","58kptDyYMKspsR1HofcU5ei9X5H5BAW9s4z5Hkpv2oG3LbP7FwPH1mTeEVbfRvrrBySsVUufzp7mBmpwXjB6Y95Q"
"c4333dc4-e0f1-421c-9761-915b56726e5d","4bQ7o14qXabVEsvRhFTmz1SBCBxJVNA4EQp91m8fdVhxdAxWdY4FJojkZwmo3XS3LZdKmQ9d57VnaoQeap6zy26G"
"598c5344-fbd4-4882-ab1b-ff3671a7dba9","57WDQG5HJ3WCvMwnccGK7ZZxB9vdCUgCPYRetqSUzWGJQvT2tnsRj5tQ7dh73rwkM6EuCvP1FBmZVgtWm2i2zfym"
"ef4f975d-2c0b-4ede-bfa5-3fc6d381c18f","3apx71PXSF7KBHugo36Wv4qsu45fRkpt4N23Je8u6wgFzhKuEaasQzFnAyM3nux8N7ExUcRKF48UZqXrPuow3TF"
"1c3bc7a1-79b2-4226-bc37-9ccc70e42388","3rpXHC8pKqBBTonELY9HQQHCDjdUD3NXF7G6XuRhvHXNEhLkGruguEZ5p8vTCoYgr83kRE8mvwG13MJuHv7oXQUV"
"fadaf1a8-063b-4ec0-95e7-810e0d9dc739","2JzgZw33TpWMaAG77AC64CPqWFx9JCDtepQQD7A5JcbY8RUUELrJowJ22Sy9XFspL2hMX1QTNY3uD6JjhztkDURN"
"1b4a901d-4e22-4098-a420-9099057ee8db","CJTQsSYhTkV7Sum7eksvFLFxTnj6ybmeaYaqhtXF1G67VZbw8BrTfvfkdAS6EXZiZSMZBpeRgv9HXnSXpgBHzpW"
"aafa0c50-fca0-4a25-8362-b5122c9ebb70","GjsJtoxfKmAiTj8of8SdcRQozTH2yM9aMjzEVmU8MPKN5P12CAZcJnJN47WWHQ87is8WFotdGE7nJ9UK2yqVxtT"
"c3a4536e-c98b-47b7-9c71-cb6633ea1670","5MdVW7kD8SmiPPNx7ss3zuPVMYm564RWsyxL5NzPK7ZUo5VbWbHi1DcComQ71m3Biio3FBCVWgkp1V9dphaVBZ1L"
"ac6dee92-e946-4f4d-9a51-39dc018e8e38","4qGoPCALiLAGzfdvrQMJFqFX4jwohr4QqzMGod7weTQDumHgwmapUK6QGBGUYW1h4VZgUTMi7zWx4ddiYtcRo1FE"
"a388bd16-3862-4591-87e9-92f821d8a859","3F1n3QbzkFvXzGW8rb857PT7cJSdTL7HnXkXR7XEKwUbWu9WatgMqA1pCViFv7iSvydJnJoeUTqpE61nSuVvAc7G"
"72a129b2-7c01-4105-80ad-d740b58e9139","5X4DuMZkhwzYjtPBfhoHKVbUoEvRYtvGnSwtcsqb6yqX1u2QRq8kWgd9gKruomeFhV9CcqZSxT1AxX2Zt5gM3D9K"
"4144e060-c16b-4bbb-858a-609297450220","5vQBV3UJgBWVTg9HA2bjXRG5sexMxJpNeb8dmPW6AnmRZ6XhnYJih7TxLEMbMPFqavwPYGVhvZoZqzE5zHmtj6W6"
"7d3852c4-c53e-4233-a3b8-4bd9fe44e3c0","jBn6RcEvNCUAgTDwiGdmEwstPxX2g2KmwPjiGcChT3n1tKcMniCfzLkFjUUZJ2JNBkkc6DZ8VJxsyxb1eR4QJ8E"
"d3dbd4c0-3199-4f0a-ae30-71920cb4153e","5UDYWwmrhsgjgYXnMca8cc4oSiJ89gF3iy8LdX2x2GASQWPvcXL3C3Q14KWtuk658dgwE7ZWwpnRFM3VJTCS9Uj3"
"8b390a47-301e-4bd3-8b52-583d9d4fcb31","44LEJr6gkDdQGntAXx6DTXVk62YER8rjfUD21ohrWU7JMkNqUkaX8icBHRPhHJaBgZrUybDRc2DqVueihqBGM2RW"
"5cef53a6-39d7-420d-a83b-f9dda9495166","3bJoZtRLkyUWMKrRq16Qnka6ru4qgmB3nqVMrrwTRGnyup6LkEr6FPcR5HtGLzuF8cCVPErBVxiwQDVhWrXEEHBg"
"9c7a6f2a-97db-419d-81a6-4866e7dcbb47","4kqAU9hnQ4R6XfYHvnuPPAJENBSdKFTzPxGMZYcJCSy5Jo7BiMZJfzPXpXsPPHqZEhxzLhsxB113EZD73RbnUez"
"539984c1-487e-4256-b162-e08e0eb1d7fc","oNvYidCeYNoTTrvAtbVwHy5hCke5jprsADaLoJtBXoVzZwwPbKLCeoRzeuMLgNZWgBScgy996PUyd3UxDdKoV8k"
"3b20cb0b-ffa8-4bf4-b6d8-b0eab6f04b11","5JPqEqNLvP6VE7gRu5xxYVTeejh8cX1qpiJsQ3hrVHgYDHUdgxpkAVYorVc2aRSv83EffZ47e4GTbuqNUL7Hf3u3"
"3f1a2932-ff61-4d70-8ae2-dae048d5336f","5yfp3ERfyK13oEYa2KpaP7xEnzBbdvUKfP3hRzHzYzyH93BRypizNmF3UMzqd5KztttR41heCLbxbVfegKc7oRKW"
"37b70908-6b30-42a0-8cdd-fdc57e277e21","3BES1uQcSJawwGr2cQrjPquLE9oUYkxrp45cLeq2Ts63jyRK8c6fR3wmULPifZmyxZbYxRa53nBaaLEuRCZ9weAT"
"85945844-fe33-44de-9853-e82dbed1896d","EvSwe5Rix1Dk4t3mvBYxxKb2zck4oD9rdsCTjHMFXkRrYyNN1JU7uWNgmgk3SgZTxFRLGkWtxpXMVMJvwAQnRaS"
"c201c6a4-bd2e-4809-b99d-d62432517d8e","28mTEhGNcvkLQqhF34CNznwViDnRi5Rxo3kCaSBS3VRW21M8URKtCV14zsagnGT5NMgYuaei7HrMNqtbJseAcrJV"
"86ffcf4f-6bb2-4feb-9381-14a9b5d5b98c","2zc9RJuVecRZ7mQBsNdi3rPoGybQgkN63hixy52MMwS15EQaUtxbajQHZvaKa5pL7gmP4SrEejaEY9hKiCd5XDRt"
"d2ac7531-4617-4e0d-9967-e1924e660ffb","T4JLeEzCzjFNd1qaTV8ydBabhsHJKkziceNswihBmfpC3wHsqF67vqnnJQ6eNpEhUDp9LYcCcgNRS9nSVBJV6mg"
"49d85317-2b23-4028-a6ec-3f3aabf68d97","M7XU8JdXXB81AS6EM9dfi2R2iS5NyRfDD1Y9WUWcvT8MoJHKDSwejEC9tHM1jY3nF9NJWYR26NvgwcepSGTHnGD"
"f4377ca3-9612-41f8-8877-fe22b2e8a292","P4AG8NDC4y8RmrsoxErh4Qd6bgm9Rk3yg6BfzdV1aW2ypYPNtEZJKFCUwtTZUxgc8VFVKYGRNG7eyPq1nBSmwBu"
"d2795fd0-9a6c-4dfb-a405-d4c651904580","pHWVpLvpRT6SFbzQnt12LToEMnZifJnfSuEw6pcaKeFGeFWvYU7ptFMrLNnEp6Vrh9zhB1dmHqJ2jSdTShcQAfS"
"79d0721f-1db5-4901-a1cb-ccb08255980f","3EsUBgqXGuFaqyGQPW5nCVnetynP3SyQ64tyw5MUjseViK4iefrgGWMCCQEjq2A7DCZzrWDHyEkuhpWzN6wXEFxr"
"451f05af-0360-4aec-91a5-e2cbf05bc690","4VFhMpukd9L6HtR4TYoZtyuCxv1YBzfrkJzK7tGavxrLEtzzU3UgnfjQ8L72x5NYkcpv3zULztMnEW6oh51De5Nr"
"eba97f04-02f7-49d6-aee7-ff75e7ec0465","2bKEhQAWsp8BF1VgP1wXkZagFy6CiNLAHqy15EKrwpzYkMWspRpyeVumLYsGDQLgCtrtztepwmWCyudUJs4i2UtJ"
"cf411b7a-a6ed-40e7-8629-3b2ad1247152","4RmQqZECq8nun1KjFh4YAoPxDxgA26PPjcUWkdaBcPPEYyykvz15JYiRAtM2UA9s1tLKFDTfLFDvxxB57Bqy7XHy"
"9bacdad9-da9f-4406-a420-2b0fc6c242fa","2MBJKhDGkKFFaAuSRo791auxBsKAFKNo3CkXxVBZrt5b6n3fGqgBvwGnYskbcCBVNDhP6NwnbMyEThDniMdyWYRo"
"b5403a06-8d87-489f-9339-a060977d456f","ZZGRRHCMP6LYTP7kPxJgpuSfYukvXNDNZ9j1Wg5KvzAkYw9vhx2r9N4eznDPnWun4kPQPxS9rY9uBsxA8aKTBGh"
"87994bec-98f5-4b02-819b-8a76cce5777e","SSymk5kath9hjqopUD3SaeeRkdohxXH7QXun7V17wYwchgn4NvG54NjpUxW3exZ8P4NR8SbwaUBiCyCshwUBzJb"
"1578a806-5eb7-42a2-8c49-52e31e8cd785","5CT6StB9HFTEaXdTtb55t2dvo7pFNTv7braHesqERYhLKbP1iFNqKzU1jrWPNDNoQfzb5jnuwxu8SeSviQLTUhid"
"d38e7794-68ab-4d79-aedb-877d659e293c","2JKCsr6D2qLAUdAkxf9KHxZqGB3VCDNgArsD7A3rjtm5yJGMdmvKTi2MefKfhHNYwzUZiBheJUcENJoznaUN3nGA"
"937ad2fa-6dad-4559-b45a-410c6eb7fb44","HJr6ota5yNjDDwFd1Z1yeTXf7jbGdwugRcJ1Lv1hiXvEGRTan7xyvNnxjGQtWmqf1ksHTBByxe4xkDxbGxqcLDE"
"1ad3a069-8390-4f9a-aa22-369195a8612f","xcWomUQUYRG8ZMN1xqowcvg6gjmawvvU1N7JJW5TcTZU6QSxQweJdGmPCAyGYrQBJQ4D4RahD6zNsz6wykY2Vr8"
"1c0a349d-44e6-45ae-9f93-a67c82e5583a","2CypN87zMNJ1odDvTSuTbN3LXJaffGhSjtNm966KxrtBuHNymZBqNUn4Zj78sHAbvsQBFaTKnjLGJBziUdKjpDxp"
"23499e14-2c37-476a-966f-7002f737a8a1","iRZTyu4amdk1qcBwEJ8Yf62eSLaSE8yTwath2sNic8z2JMfpY9uWfoJRPVqaMCiSTyrMHVUWvnLSub3DFGWAhL2"
"a85ca86b-7265-4bda-b0ba-a90c75f7ac35","5DqMfReECeV6Sk7f5APqW8mwRgwoWicGLjrUfXBmmdRY31ZZRTEbZYoHkyQFmba6gmXuhTt85KTgqhx2t2ELF84W"
"37bf8422-5a9f-4f39-97f9-1f2dfd01e2ba","2fQ3Zobu5nrQdXYfjV1QgEhX4d1RwyUSnPxaHH4fNtzUgYkJHcb22pot3fLuFUKecSrusgYgyKGoSKGnpgtaHMoZ"
"4a027613-6134-43bf-bde5-b8b81672c622","9xb7iHxvcmku4XN7r8LYMRaYymnxrBfM9NSSrwdjt7Y4PB6yHk6rDsw3cqRU4UacBdiYj2PAFC9D9BKbLuY5kvj"
"38159312-f1f2-45c2-9f45-1014d4301ebf","2WcEm32jBTskcJNxjBYmnUvUXZ5J72V5vYk8xkkFH52edGQEJSjBCPTQUaHjfC5xB4osbCvfSgdPs83KozFmASZV"
"bdaea28a-3f55-47f1-b792-01eb837248ee","SZBFz4tYn5sqrNT9SV8NKvHZUsn9X6VAYJykSGJJqamNK8aQsCxqQWTXBSF4E1gzdPFzjywgSGDmQupYAxtNyW5"
"0ce9e0cd-b7e0-4389-82a0-cc1248e75e95","5zboPBMgR2WFwUwAcaeJbtiDhXEdJSvJ58CfJMsv9VBFcM3yEiyqeDpMAproRXePVAw2M2k1yUnuVzYtqeKmriwV"
